obs_id,filename,kind,filter_name,pupil,detector,visit,exposure,size,status,local_path
jw02731001001_02101_00001_nrca1,jw02731001001_02101_00001_nrca1_cal.fits,CAL,F187N,CLEAR,nrca1,1,1,117573120,ok,C:\data\jwst_cal\mastDownload\JWST\jw02731001001_02101_00001_nrca1\jw02731001001_02101_00001_nrca1_cal.fits
jw02731001001_02101_00001_nrca2,jw02731001001_02101_00001_nrca2_cal.fits,CAL,F187N,CLEAR,nrca2,1,1,117573120,ok,C:\data\jwst_cal\mastDownload\JWST\jw02731001001_02101_00001_nrca2\jw02731001001_02101_00001_nrca2_cal.fits
jw02731001001_02101_00001_nrca3,jw02731001001_02101_00001_nrca3_cal.fits,CAL,F187N,CLEAR,nrca3,1,1,117573120,ok,C:\data\jwst_cal\mastDownload\JWST\jw02731001001_02101_00001_nrca3\jw02731001001_02101_00001_nrca3_cal.fits
jw02731001001_02101_00001_nrca4,jw02731001001_02101_00001_nrca4_cal.fits,CAL,F187N,CLEAR,nrca4,1,1,117573120,ok,C:\data\jwst_cal\mastDownload\JWST\jw02731001001_02101_00001_nrca4\jw02731001001_02101_00001_nrca4_cal.fits
jw02731001001_02101_00001_nrcb1,jw02731001001_02101_00001_nrcb1_cal.fits,CAL,F187N,CLEAR,nrcb1,1,1,117573120,ok,C:\data\jwst_cal\mastDownload\JWST\jw02731001001_02101_00001_nrcb1\jw02731001001_02101_00001_nrcb1_cal.fits
jw02731001001_02101_00001_nrcb2,jw02731001001_02101_00001_nrcb2_cal.fits,CAL,F187N,CLEAR,nrcb2,1,1,117573120,ok,C:\data\jwst_cal\mastDownload\JWST\jw02731001001_02101_00001_nrcb2\jw02731001001_02101_00001_nrcb2_cal.fits
jw02731001001_02101_00001_nrcb3,jw02731001001_02101_00001_nrcb3_cal.fits,CAL,F187N,CLEAR,nrcb3,1,1,117573120,ok,C:\data\jwst_cal\mastDownload\JWST\jw02731001001_02101_00001_nrcb3\jw02731001001_02101_00001_nrcb3_cal.fits
jw02731001001_02101_00001_nrcb4,jw02731001001_02101_00001_nrcb4_cal.fits,CAL,F187N,CLEAR,nrcb4,1,1,117573120,ok,C:\data\jwst_cal\mastDownload\JWST\jw02731001001_02101_00001_nrcb4\jw02731001001_02101_00001_nrcb4_cal.fits
jw02731001001_02101_00002_nrca1,jw02731001001_02101_00002_nrca1_cal.fits,CAL,F187N,CLEAR,nrca1,1,2,117573120,ok,C:\data\jwst_cal\mastDownload\JWST\jw02731001001_02101_00002_nrca1\jw02731001001_02101_00002_nrca1_cal.fits
jw02731001001_02101_00002_nrca2,jw02731001001_02101_00002_nrca2_cal.fits,CAL,F187N,CLEAR,nrca2,1,2,117573120,ok,C:\data\jwst_cal\mastDownload\JWST\jw02731001001_02101_00002_nrca2\jw02731001001_02101_00002_nrca2_cal.fits
jw02731001001_02101_00002_nrca3,jw02731001001_02101_00002_nrca3_cal.fits,CAL,F187N,CLEAR,nrca3,1,2,117573120,ok,C:\data\jwst_cal\mastDownload\JWST\jw02731001001_02101_00002_nrca3\jw02731001001_02101_00002_nrca3_cal.fits
jw02731001001_02101_00002_nrca4,jw02731001001_02101_00002_nrca4_cal.fits,CAL,F187N,CLEAR,nrca4,1,2,117573120,ok,C:\data\jwst_cal\mastDownload\JWST\jw02731001001_02101_00002_nrca4\jw02731001001_02101_00002_nrca4_cal.fits
jw02731001001_02101_00002_nrcb1,jw02731001001_02101_00002_nrcb1_cal.fits,CAL,F187N,CLEAR,nrcb1,1,2,117573120,ok,C:\data\jwst_cal\mastDownload\JWST\jw02731001001_02101_00002_nrcb1\jw02731001001_02101_00002_nrcb1_cal.fits
jw02731001001_02101_00002_nrcb2,jw02731001001_02101_00002_nrcb2_cal.fits,CAL,F187N,CLEAR,nrcb2,1,2,117573120,ok,C:\data\jwst_cal\mastDownload\JWST\jw02731001001_02101_00002_nrcb2\jw02731001001_02101_00002_nrcb2_cal.fits
jw02731001001_02101_00002_nrcb3,jw02731001001_02101_00002_nrcb3_cal.fits,CAL,F187N,CLEAR,nrcb3,1,2,117573120,ok,C:\data\jwst_cal\mastDownload\JWST\jw02731001001_02101_00002_nrcb3\jw02731001001_02101_00002_nrcb3_cal.fits
jw02731001001_02101_00002_nrcb4,jw02731001001_02101_00002_nrcb4_cal.fits,CAL,F187N,CLEAR,nrcb4,1,2,117573120,ok,C:\data\jwst_cal\mastDownload\JWST\jw02731001001_02101_00002_nrcb4\jw02731001001_02101_00002_nrcb4_cal.fits
jw02731001001_02101_00003_nrca1,jw02731001001_02101_00003_nrca1_cal.fits,CAL,F187N,CLEAR,nrca1,1,3,117573120,ok,C:\data\jwst_cal\mastDownload\JWST\jw02731001001_02101_00003_nrca1\jw02731001001_02101_00003_nrca1_cal.fits
jw02731001001_02101_00003_nrca2,jw02731001001_02101_00003_nrca2_cal.fits,CAL,F187N,CLEAR,nrca2,1,3,117573120,ok,C:\data\jwst_cal\mastDownload\JWST\jw02731001001_02101_00003_nrca2\jw02731001001_02101_00003_nrca2_cal.fits
jw02731001001_02101_00003_nrca3,jw02731001001_02101_00003_nrca3_cal.fits,CAL,F187N,CLEAR,nrca3,1,3,117573120,ok,C:\data\jwst_cal\mastDownload\JWST\jw02731001001_02101_00003_nrca3\jw02731001001_02101_00003_nrca3_cal.fits
jw02731001001_02101_00003_nrca4,jw02731001001_02101_00003_nrca4_cal.fits,CAL,F187N,CLEAR,nrca4,1,3,117573120,ok,C:\data\jwst_cal\mastDownload\JWST\jw02731001001_02101_00003_nrca4\jw02731001001_02101_00003_nrca4_cal.fits
jw02731001001_02101_00003_nrcb1,jw02731001001_02101_00003_nrcb1_cal.fits,CAL,F187N,CLEAR,nrcb1,1,3,117573120,ok,C:\data\jwst_cal\mastDownload\JWST\jw02731001001_02101_00003_nrcb1\jw02731001001_02101_00003_nrcb1_cal.fits
jw02731001001_02101_00003_nrcb2,jw02731001001_02101_00003_nrcb2_cal.fits,CAL,F187N,CLEAR,nrcb2,1,3,117573120,ok,C:\data\jwst_cal\mastDownload\JWST\jw02731001001_02101_00003_nrcb2\jw02731001001_02101_00003_nrcb2_cal.fits
jw02731001001_02101_00003_nrcb3,jw02731001001_02101_00003_nrcb3_cal.fits,CAL,F187N,CLEAR,nrcb3,1,3,117573120,ok,C:\data\jwst_cal\mastDownload\JWST\jw02731001001_02101_00003_nrcb3\jw02731001001_02101_00003_nrcb3_cal.fits
jw02731001001_02101_00003_nrcb4,jw02731001001_02101_00003_nrcb4_cal.fits,CAL,F187N,CLEAR,nrcb4,1,3,117573120,ok,C:\data\jwst_cal\mastDownload\JWST\jw02731001001_02101_00003_nrcb4\jw02731001001_02101_00003_nrcb4_cal.fits
jw02731001001_02101_00004_nrca1,jw02731001001_02101_00004_nrca1_cal.fits,CAL,F187N,CLEAR,nrca1,1,4,117573120,ok,C:\data\jwst_cal\mastDownload\JWST\jw02731001001_02101_00004_nrca1\jw02731001001_02101_00004_nrca1_cal.fits
jw02731001001_02101_00004_nrca2,jw02731001001_02101_00004_nrca2_cal.fits,CAL,F187N,CLEAR,nrca2,1,4,117573120,ok,C:\data\jwst_cal\mastDownload\JWST\jw02731001001_02101_00004_nrca2\jw02731001001_02101_00004_nrca2_cal.fits
jw02731001001_02101_00004_nrca3,jw02731001001_02101_00004_nrca3_cal.fits,CAL,F187N,CLEAR,nrca3,1,4,117573120,ok,C:\data\jwst_cal\mastDownload\JWST\jw02731001001_02101_00004_nrca3\jw02731001001_02101_00004_nrca3_cal.fits
jw02731001001_02101_00004_nrca4,jw02731001001_02101_00004_nrca4_cal.fits,CAL,F187N,CLEAR,nrca4,1,4,117573120,ok,C:\data\jwst_cal\mastDownload\JWST\jw02731001001_02101_00004_nrca4\jw02731001001_02101_00004_nrca4_cal.fits
jw02731001001_02101_00004_nrcb1,jw02731001001_02101_00004_nrcb1_cal.fits,CAL,F187N,CLEAR,nrcb1,1,4,117573120,ok,C:\data\jwst_cal\mastDownload\JWST\jw02731001001_02101_00004_nrcb1\jw02731001001_02101_00004_nrcb1_cal.fits
jw02731001001_02101_00004_nrcb2,jw02731001001_02101_00004_nrcb2_cal.fits,CAL,F187N,CLEAR,nrcb2,1,4,117573120,ok,C:\data\jwst_cal\mastDownload\JWST\jw02731001001_02101_00004_nrcb2\jw02731001001_02101_00004_nrcb2_cal.fits
jw02731001001_02101_00004_nrcb3,jw02731001001_02101_00004_nrcb3_cal.fits,CAL,F187N,CLEAR,nrcb3,1,4,117573120,ok,C:\data\jwst_cal\mastDownload\JWST\jw02731001001_02101_00004_nrcb3\jw02731001001_02101_00004_nrcb3_cal.fits
jw02731001001_02101_00004_nrcb4,jw02731001001_02101_00004_nrcb4_cal.fits,CAL,F187N,CLEAR,nrcb4,1,4,117573120,ok,C:\data\jwst_cal\mastDownload\JWST\jw02731001001_02101_00004_nrcb4\jw02731001001_02101_00004_nrcb4_cal.fits
jw02731001001_02101_00005_nrca1,jw02731001001_02101_00005_nrca1_cal.fits,CAL,F187N,CLEAR,nrca1,1,5,117573120,ok,C:\data\jwst_cal\mastDownload\JWST\jw02731001001_02101_00005_nrca1\jw02731001001_02101_00005_nrca1_cal.fits
jw02731001001_02101_00005_nrca2,jw02731001001_02101_00005_nrca2_cal.fits,CAL,F187N,CLEAR,nrca2,1,5,117573120,ok,C:\data\jwst_cal\mastDownload\JWST\jw02731001001_02101_00005_nrca2\jw02731001001_02101_00005_nrca2_cal.fits
jw02731001001_02101_00005_nrca3,jw02731001001_02101_00005_nrca3_cal.fits,CAL,F187N,CLEAR,nrca3,1,5,117573120,ok,C:\data\jwst_cal\mastDownload\JWST\jw02731001001_02101_00005_nrca3\jw02731001001_02101_00005_nrca3_cal.fits
jw02731001001_02101_00005_nrca4,jw02731001001_02101_00005_nrca4_cal.fits,CAL,F187N,CLEAR,nrca4,1,5,117573120,ok,C:\data\jwst_cal\mastDownload\JWST\jw02731001001_02101_00005_nrca4\jw02731001001_02101_00005_nrca4_cal.fits
jw02731001001_02101_00005_nrcb1,jw02731001001_02101_00005_nrcb1_cal.fits,CAL,F187N,CLEAR,nrcb1,1,5,117573120,ok,C:\data\jwst_cal\mastDownload\JWST\jw02731001001_02101_00005_nrcb1\jw02731001001_02101_00005_nrcb1_cal.fits
jw02731001001_02101_00005_nrcb2,jw02731001001_02101_00005_nrcb2_cal.fits,CAL,F187N,CLEAR,nrcb2,1,5,117573120,ok,C:\data\jwst_cal\mastDownload\JWST\jw02731001001_02101_00005_nrcb2\jw02731001001_02101_00005_nrcb2_cal.fits
jw02731001001_02101_00005_nrcb3,jw02731001001_02101_00005_nrcb3_cal.fits,CAL,F187N,CLEAR,nrcb3,1,5,117573120,ok,C:\data\jwst_cal\mastDownload\JWST\jw02731001001_02101_00005_nrcb3\jw02731001001_02101_00005_nrcb3_cal.fits
jw02731001001_02101_00005_nrcb4,jw02731001001_02101_00005_nrcb4_cal.fits,CAL,F187N,CLEAR,nrcb4,1,5,117573120,ok,C:\data\jwst_cal\mastDownload\JWST\jw02731001001_02101_00005_nrcb4\jw02731001001_02101_00005_nrcb4_cal.fits
jw02731001001_02103_00001_nrca1,jw02731001001_02103_00001_nrca1_cal.fits,CAL,F090W,CLEAR,nrca1,1,1,117573120,ok,C:\data\jwst_cal\mastDownload\JWST\jw02731001001_02103_00001_nrca1\jw02731001001_02103_00001_nrca1_cal.fits
jw02731001001_02103_00001_nrca2,jw02731001001_02103_00001_nrca2_cal.fits,CAL,F090W,CLEAR,nrca2,1,1,117573120,ok,C:\data\jwst_cal\mastDownload\JWST\jw02731001001_02103_00001_nrca2\jw02731001001_02103_00001_nrca2_cal.fits
jw02731001001_02103_00001_nrca3,jw02731001001_02103_00001_nrca3_cal.fits,CAL,F090W,CLEAR,nrca3,1,1,117573120,ok,C:\data\jwst_cal\mastDownload\JWST\jw02731001001_02103_00001_nrca3\jw02731001001_02103_00001_nrca3_cal.fits
jw02731001001_02103_00001_nrca4,jw02731001001_02103_00001_nrca4_cal.fits,CAL,F090W,CLEAR,nrca4,1,1,117573120,ok,C:\data\jwst_cal\mastDownload\JWST\jw02731001001_02103_00001_nrca4\jw02731001001_02103_00001_nrca4_cal.fits
jw02731001001_02103_00001_nrcalong,jw02731001001_02103_00001_nrcalong_cal.fits,CAL,F335M,CLEAR,nrcalong,1,1,117573120,ok,C:\data\jwst_cal\mastDownload\JWST\jw02731001001_02103_00001_nrcalong\jw02731001001_02103_00001_nrcalong_cal.fits
jw02731001001_02103_00001_nrcb1,jw02731001001_02103_00001_nrcb1_cal.fits,CAL,F090W,CLEAR,nrcb1,1,1,117573120,ok,C:\data\jwst_cal\mastDownload\JWST\jw02731001001_02103_00001_nrcb1\jw02731001001_02103_00001_nrcb1_cal.fits
jw02731001001_02103_00001_nrcb2,jw02731001001_02103_00001_nrcb2_cal.fits,CAL,F090W,CLEAR,nrcb2,1,1,117573120,ok,C:\data\jwst_cal\mastDownload\JWST\jw02731001001_02103_00001_nrcb2\jw02731001001_02103_00001_nrcb2_cal.fits
jw02731001001_02103_00001_nrcb3,jw02731001001_02103_00001_nrcb3_cal.fits,CAL,F090W,CLEAR,nrcb3,1,1,117573120,ok,C:\data\jwst_cal\mastDownload\JWST\jw02731001001_02103_00001_nrcb3\jw02731001001_02103_00001_nrcb3_cal.fits
jw02731001001_02103_00001_nrcb4,jw02731001001_02103_00001_nrcb4_cal.fits,CAL,F090W,CLEAR,nrcb4,1,1,117573120,ok,C:\data\jwst_cal\mastDownload\JWST\jw02731001001_02103_00001_nrcb4\jw02731001001_02103_00001_nrcb4_cal.fits
jw02731001001_02103_00001_nrcblong,jw02731001001_02103_00001_nrcblong_cal.fits,CAL,F335M,CLEAR,nrcblong,1,1,117573120,ok,C:\data\jwst_cal\mastDownload\JWST\jw02731001001_02103_00001_nrcblong\jw02731001001_02103_00001_nrcblong_cal.fits
jw02731001001_02103_00002_nrca1,jw02731001001_02103_00002_nrca1_cal.fits,CAL,F090W,CLEAR,nrca1,1,2,117573120,ok,C:\data\jwst_cal\mastDownload\JWST\jw02731001001_02103_00002_nrca1\jw02731001001_02103_00002_nrca1_cal.fits
jw02731001001_02103_00002_nrca2,jw02731001001_02103_00002_nrca2_cal.fits,CAL,F090W,CLEAR,nrca2,1,2,117573120,ok,C:\data\jwst_cal\mastDownload\JWST\jw02731001001_02103_00002_nrca2\jw02731001001_02103_00002_nrca2_cal.fits
jw02731001001_02103_00002_nrca3,jw02731001001_02103_00002_nrca3_cal.fits,CAL,F090W,CLEAR,nrca3,1,2,117573120,ok,C:\data\jwst_cal\mastDownload\JWST\jw02731001001_02103_00002_nrca3\jw02731001001_02103_00002_nrca3_cal.fits
jw02731001001_02103_00002_nrca4,jw02731001001_02103_00002_nrca4_cal.fits,CAL,F090W,CLEAR,nrca4,1,2,117573120,ok,C:\data\jwst_cal\mastDownload\JWST\jw02731001001_02103_00002_nrca4\jw02731001001_02103_00002_nrca4_cal.fits
jw02731001001_02103_00002_nrcalong,jw02731001001_02103_00002_nrcalong_cal.fits,CAL,F335M,CLEAR,nrcalong,1,2,117573120,ok,C:\data\jwst_cal\mastDownload\JWST\jw02731001001_02103_00002_nrcalong\jw02731001001_02103_00002_nrcalong_cal.fits
jw02731001001_02103_00002_nrcb1,jw02731001001_02103_00002_nrcb1_cal.fits,CAL,F090W,CLEAR,nrcb1,1,2,117573120,ok,C:\data\jwst_cal\mastDownload\JWST\jw02731001001_02103_00002_nrcb1\jw02731001001_02103_00002_nrcb1_cal.fits
jw02731001001_02103_00002_nrcb2,jw02731001001_02103_00002_nrcb2_cal.fits,CAL,F090W,CLEAR,nrcb2,1,2,117573120,ok,C:\data\jwst_cal\mastDownload\JWST\jw02731001001_02103_00002_nrcb2\jw02731001001_02103_00002_nrcb2_cal.fits
jw02731001001_02103_00002_nrcb3,jw02731001001_02103_00002_nrcb3_cal.fits,CAL,F090W,CLEAR,nrcb3,1,2,117573120,ok,C:\data\jwst_cal\mastDownload\JWST\jw02731001001_02103_00002_nrcb3\jw02731001001_02103_00002_nrcb3_cal.fits
jw02731001001_02103_00002_nrcb4,jw02731001001_02103_00002_nrcb4_cal.fits,CAL,F090W,CLEAR,nrcb4,1,2,117573120,ok,C:\data\jwst_cal\mastDownload\JWST\jw02731001001_02103_00002_nrcb4\jw02731001001_02103_00002_nrcb4_cal.fits
jw02731001001_02103_00002_nrcblong,jw02731001001_02103_00002_nrcblong_cal.fits,CAL,F335M,CLEAR,nrcblong,1,2,117573120,ok,C:\data\jwst_cal\mastDownload\JWST\jw02731001001_02103_00002_nrcblong\jw02731001001_02103_00002_nrcblong_cal.fits
jw02731001001_02103_00003_nrca1,jw02731001001_02103_00003_nrca1_cal.fits,CAL,F090W,CLEAR,nrca1,1,3,117573120,ok,C:\data\jwst_cal\mastDownload\JWST\jw02731001001_02103_00003_nrca1\jw02731001001_02103_00003_nrca1_cal.fits
jw02731001001_02103_00003_nrca2,jw02731001001_02103_00003_nrca2_cal.fits,CAL,F090W,CLEAR,nrca2,1,3,117573120,ok,C:\data\jwst_cal\mastDownload\JWST\jw02731001001_02103_00003_nrca2\jw02731001001_02103_00003_nrca2_cal.fits
jw02731001001_02103_00003_nrca3,jw02731001001_02103_00003_nrca3_cal.fits,CAL,F090W,CLEAR,nrca3,1,3,117573120,ok,C:\data\jwst_cal\mastDownload\JWST\jw02731001001_02103_00003_nrca3\jw02731001001_02103_00003_nrca3_cal.fits
jw02731001001_02103_00003_nrca4,jw02731001001_02103_00003_nrca4_cal.fits,CAL,F090W,CLEAR,nrca4,1,3,117573120,ok,C:\data\jwst_cal\mastDownload\JWST\jw02731001001_02103_00003_nrca4\jw02731001001_02103_00003_nrca4_cal.fits
jw02731001001_02103_00003_nrcalong,jw02731001001_02103_00003_nrcalong_cal.fits,CAL,F335M,CLEAR,nrcalong,1,3,117573120,ok,C:\data\jwst_cal\mastDownload\JWST\jw02731001001_02103_00003_nrcalong\jw02731001001_02103_00003_nrcalong_cal.fits
jw02731001001_02103_00003_nrcb1,jw02731001001_02103_00003_nrcb1_cal.fits,CAL,F090W,CLEAR,nrcb1,1,3,117573120,ok,C:\data\jwst_cal\mastDownload\JWST\jw02731001001_02103_00003_nrcb1\jw02731001001_02103_00003_nrcb1_cal.fits
jw02731001001_02103_00003_nrcb2,jw02731001001_02103_00003_nrcb2_cal.fits,CAL,F090W,CLEAR,nrcb2,1,3,117573120,ok,C:\data\jwst_cal\mastDownload\JWST\jw02731001001_02103_00003_nrcb2\jw02731001001_02103_00003_nrcb2_cal.fits
jw02731001001_02103_00003_nrcb3,jw02731001001_02103_00003_nrcb3_cal.fits,CAL,F090W,CLEAR,nrcb3,1,3,117573120,ok,C:\data\jwst_cal\mastDownload\JWST\jw02731001001_02103_00003_nrcb3\jw02731001001_02103_00003_nrcb3_cal.fits
jw02731001001_02103_00003_nrcb4,jw02731001001_02103_00003_nrcb4_cal.fits,CAL,F090W,CLEAR,nrcb4,1,3,117573120,ok,C:\data\jwst_cal\mastDownload\JWST\jw02731001001_02103_00003_nrcb4\jw02731001001_02103_00003_nrcb4_cal.fits
jw02731001001_02103_00003_nrcblong,jw02731001001_02103_00003_nrcblong_cal.fits,CAL,F335M,CLEAR,nrcblong,1,3,117573120,ok,C:\data\jwst_cal\mastDownload\JWST\jw02731001001_02103_00003_nrcblong\jw02731001001_02103_00003_nrcblong_cal.fits
jw02731001001_02103_00004_nrca1,jw02731001001_02103_00004_nrca1_cal.fits,CAL,F090W,CLEAR,nrca1,1,4,117573120,ok,C:\data\jwst_cal\mastDownload\JWST\jw02731001001_02103_00004_nrca1\jw02731001001_02103_00004_nrca1_cal.fits
jw02731001001_02103_00004_nrca2,jw02731001001_02103_00004_nrca2_cal.fits,CAL,F090W,CLEAR,nrca2,1,4,117573120,ok,C:\data\jwst_cal\mastDownload\JWST\jw02731001001_02103_00004_nrca2\jw02731001001_02103_00004_nrca2_cal.fits
jw02731001001_02103_00004_nrca3,jw02731001001_02103_00004_nrca3_cal.fits,CAL,F090W,CLEAR,nrca3,1,4,117573120,ok,C:\data\jwst_cal\mastDownload\JWST\jw02731001001_02103_00004_nrca3\jw02731001001_02103_00004_nrca3_cal.fits
jw02731001001_02103_00004_nrca4,jw02731001001_02103_00004_nrca4_cal.fits,CAL,F090W,CLEAR,nrca4,1,4,117573120,ok,C:\data\jwst_cal\mastDownload\JWST\jw02731001001_02103_00004_nrca4\jw02731001001_02103_00004_nrca4_cal.fits
jw02731001001_02103_00004_nrcalong,jw02731001001_02103_00004_nrcalong_cal.fits,CAL,F335M,CLEAR,nrcalong,1,4,117573120,ok,C:\data\jwst_cal\mastDownload\JWST\jw02731001001_02103_00004_nrcalong\jw02731001001_02103_00004_nrcalong_cal.fits
jw02731001001_02103_00004_nrcb1,jw02731001001_02103_00004_nrcb1_cal.fits,CAL,F090W,CLEAR,nrcb1,1,4,117573120,ok,C:\data\jwst_cal\mastDownload\JWST\jw02731001001_02103_00004_nrcb1\jw02731001001_02103_00004_nrcb1_cal.fits
jw02731001001_02103_00004_nrcb2,jw02731001001_02103_00004_nrcb2_cal.fits,CAL,F090W,CLEAR,nrcb2,1,4,117573120,ok,C:\data\jwst_cal\mastDownload\JWST\jw02731001001_02103_00004_nrcb2\jw02731001001_02103_00004_nrcb2_cal.fits
jw02731001001_02103_00004_nrcb3,jw02731001001_02103_00004_nrcb3_cal.fits,CAL,F090W,CLEAR,nrcb3,1,4,117573120,ok,C:\data\jwst_cal\mastDownload\JWST\jw02731001001_02103_00004_nrcb3\jw02731001001_02103_00004_nrcb3_cal.fits
jw02731001001_02103_00004_nrcb4,jw02731001001_02103_00004_nrcb4_cal.fits,CAL,F090W,CLEAR,nrcb4,1,4,117573120,ok,C:\data\jwst_cal\mastDownload\JWST\jw02731001001_02103_00004_nrcb4\jw02731001001_02103_00004_nrcb4_cal.fits
jw02731001001_02103_00004_nrcblong,jw02731001001_02103_00004_nrcblong_cal.fits,CAL,F335M,CLEAR,nrcblong,1,4,117573120,ok,C:\data\jwst_cal\mastDownload\JWST\jw02731001001_02103_00004_nrcblong\jw02731001001_02103_00004_nrcblong_cal.fits
jw02731001001_02103_00005_nrca1,jw02731001001_02103_00005_nrca1_cal.fits,CAL,F090W,CLEAR,nrca1,1,5,117573120,ok,C:\data\jwst_cal\mastDownload\JWST\jw02731001001_02103_00005_nrca1\jw02731001001_02103_00005_nrca1_cal.fits
jw02731001001_02103_00005_nrca2,jw02731001001_02103_00005_nrca2_cal.fits,CAL,F090W,CLEAR,nrca2,1,5,117573120,ok,C:\data\jwst_cal\mastDownload\JWST\jw02731001001_02103_00005_nrca2\jw02731001001_02103_00005_nrca2_cal.fits
jw02731001001_02103_00005_nrca3,jw02731001001_02103_00005_nrca3_cal.fits,CAL,F090W,CLEAR,nrca3,1,5,117573120,ok,C:\data\jwst_cal\mastDownload\JWST\jw02731001001_02103_00005_nrca3\jw02731001001_02103_00005_nrca3_cal.fits
jw02731001001_02103_00005_nrca4,jw02731001001_02103_00005_nrca4_cal.fits,CAL,F090W,CLEAR,nrca4,1,5,117573120,ok,C:\data\jwst_cal\mastDownload\JWST\jw02731001001_02103_00005_nrca4\jw02731001001_02103_00005_nrca4_cal.fits
jw02731001001_02103_00005_nrcalong,jw02731001001_02103_00005_nrcalong_cal.fits,CAL,F335M,CLEAR,nrcalong,1,5,117573120,ok,C:\data\jwst_cal\mastDownload\JWST\jw02731001001_02103_00005_nrcalong\jw02731001001_02103_00005_nrcalong_cal.fits
jw02731001001_02103_00005_nrcb1,jw02731001001_02103_00005_nrcb1_cal.fits,CAL,F090W,CLEAR,nrcb1,1,5,117573120,ok,C:\data\jwst_cal\mastDownload\JWST\jw02731001001_02103_00005_nrcb1\jw02731001001_02103_00005_nrcb1_cal.fits
jw02731001001_02103_00005_nrcb2,jw02731001001_02103_00005_nrcb2_cal.fits,CAL,F090W,CLEAR,nrcb2,1,5,117573120,ok,C:\data\jwst_cal\mastDownload\JWST\jw02731001001_02103_00005_nrcb2\jw02731001001_02103_00005_nrcb2_cal.fits
jw02731001001_02103_00005_nrcb3,jw02731001001_02103_00005_nrcb3_cal.fits,CAL,F090W,CLEAR,nrcb3,1,5,117573120,ok,C:\data\jwst_cal\mastDownload\JWST\jw02731001001_02103_00005_nrcb3\jw02731001001_02103_00005_nrcb3_cal.fits
jw02731001001_02103_00005_nrcb4,jw02731001001_02103_00005_nrcb4_cal.fits,CAL,F090W,CLEAR,nrcb4,1,5,117573120,ok,C:\data\jwst_cal\mastDownload\JWST\jw02731001001_02103_00005_nrcb4\jw02731001001_02103_00005_nrcb4_cal.fits
jw02731001001_02103_00005_nrcblong,jw02731001001_02103_00005_nrcblong_cal.fits,CAL,F335M,CLEAR,nrcblong,1,5,117573120,ok,C:\data\jwst_cal\mastDownload\JWST\jw02731001001_02103_00005_nrcblong\jw02731001001_02103_00005_nrcblong_cal.fits
jw02731001001_02105_00001_nrca1,jw02731001001_02105_00001_nrca1_cal.fits,CAL,F200W,CLEAR,nrca1,1,1,117570240,ok,C:\data\jwst_cal\mastDownload\JWST\jw02731001001_02105_00001_nrca1\jw02731001001_02105_00001_nrca1_cal.fits
jw02731001001_02105_00001_nrca2,jw02731001001_02105_00001_nrca2_cal.fits,CAL,F200W,CLEAR,nrca2,1,1,117570240,ok,C:\data\jwst_cal\mastDownload\JWST\jw02731001001_02105_00001_nrca2\jw02731001001_02105_00001_nrca2_cal.fits
jw02731001001_02105_00001_nrca3,jw02731001001_02105_00001_nrca3_cal.fits,CAL,F200W,CLEAR,nrca3,1,1,117573120,ok,C:\data\jwst_cal\mastDownload\JWST\jw02731001001_02105_00001_nrca3\jw02731001001_02105_00001_nrca3_cal.fits
jw02731001001_02105_00001_nrca4,jw02731001001_02105_00001_nrca4_cal.fits,CAL,F200W,CLEAR,nrca4,1,1,117573120,ok,C:\data\jwst_cal\mastDownload\JWST\jw02731001001_02105_00001_nrca4\jw02731001001_02105_00001_nrca4_cal.fits
jw02731001001_02105_00001_nrcb1,jw02731001001_02105_00001_nrcb1_cal.fits,CAL,F200W,CLEAR,nrcb1,1,1,117573120,ok,C:\data\jwst_cal\mastDownload\JWST\jw02731001001_02105_00001_nrcb1\jw02731001001_02105_00001_nrcb1_cal.fits
jw02731001001_02105_00001_nrcb2,jw02731001001_02105_00001_nrcb2_cal.fits,CAL,F200W,CLEAR,nrcb2,1,1,117573120,ok,C:\data\jwst_cal\mastDownload\JWST\jw02731001001_02105_00001_nrcb2\jw02731001001_02105_00001_nrcb2_cal.fits
jw02731001001_02105_00001_nrcb3,jw02731001001_02105_00001_nrcb3_cal.fits,CAL,F200W,CLEAR,nrcb3,1,1,117573120,ok,C:\data\jwst_cal\mastDownload\JWST\jw02731001001_02105_00001_nrcb3\jw02731001001_02105_00001_nrcb3_cal.fits
jw02731001001_02105_00001_nrcb4,jw02731001001_02105_00001_nrcb4_cal.fits,CAL,F200W,CLEAR,nrcb4,1,1,117573120,ok,C:\data\jwst_cal\mastDownload\JWST\jw02731001001_02105_00001_nrcb4\jw02731001001_02105_00001_nrcb4_cal.fits
jw02731001001_02105_00002_nrca1,jw02731001001_02105_00002_nrca1_cal.fits,CAL,F200W,CLEAR,nrca1,1,2,117570240,ok,C:\data\jwst_cal\mastDownload\JWST\jw02731001001_02105_00002_nrca1\jw02731001001_02105_00002_nrca1_cal.fits
jw02731001001_02105_00002_nrca2,jw02731001001_02105_00002_nrca2_cal.fits,CAL,F200W,CLEAR,nrca2,1,2,117570240,ok,C:\data\jwst_cal\mastDownload\JWST\jw02731001001_02105_00002_nrca2\jw02731001001_02105_00002_nrca2_cal.fits
jw02731001001_02105_00002_nrca3,jw02731001001_02105_00002_nrca3_cal.fits,CAL,F200W,CLEAR,nrca3,1,2,117573120,ok,C:\data\jwst_cal\mastDownload\JWST\jw02731001001_02105_00002_nrca3\jw02731001001_02105_00002_nrca3_cal.fits
jw02731001001_02105_00002_nrca4,jw02731001001_02105_00002_nrca4_cal.fits,CAL,F200W,CLEAR,nrca4,1,2,117573120,ok,C:\data\jwst_cal\mastDownload\JWST\jw02731001001_02105_00002_nrca4\jw02731001001_02105_00002_nrca4_cal.fits
jw02731001001_02105_00002_nrcb1,jw02731001001_02105_00002_nrcb1_cal.fits,CAL,F200W,CLEAR,nrcb1,1,2,117573120,ok,C:\data\jwst_cal\mastDownload\JWST\jw02731001001_02105_00002_nrcb1\jw02731001001_02105_00002_nrcb1_cal.fits
jw02731001001_02105_00002_nrcb2,jw02731001001_02105_00002_nrcb2_cal.fits,CAL,F200W,CLEAR,nrcb2,1,2,117573120,ok,C:\data\jwst_cal\mastDownload\JWST\jw02731001001_02105_00002_nrcb2\jw02731001001_02105_00002_nrcb2_cal.fits
jw02731001001_02105_00002_nrcb3,jw02731001001_02105_00002_nrcb3_cal.fits,CAL,F200W,CLEAR,nrcb3,1,2,117573120,ok,C:\data\jwst_cal\mastDownload\JWST\jw02731001001_02105_00002_nrcb3\jw02731001001_02105_00002_nrcb3_cal.fits
jw02731001001_02105_00002_nrcb4,jw02731001001_02105_00002_nrcb4_cal.fits,CAL,F200W,CLEAR,nrcb4,1,2,117573120,ok,C:\data\jwst_cal\mastDownload\JWST\jw02731001001_02105_00002_nrcb4\jw02731001001_02105_00002_nrcb4_cal.fits
jw02731001001_02105_00003_nrca1,jw02731001001_02105_00003_nrca1_cal.fits,CAL,F200W,CLEAR,nrca1,1,3,117570240,ok,C:\data\jwst_cal\mastDownload\JWST\jw02731001001_02105_00003_nrca1\jw02731001001_02105_00003_nrca1_cal.fits
jw02731001001_02105_00003_nrca2,jw02731001001_02105_00003_nrca2_cal.fits,CAL,F200W,CLEAR,nrca2,1,3,117570240,ok,C:\data\jwst_cal\mastDownload\JWST\jw02731001001_02105_00003_nrca2\jw02731001001_02105_00003_nrca2_cal.fits
jw02731001001_02105_00003_nrca3,jw02731001001_02105_00003_nrca3_cal.fits,CAL,F200W,CLEAR,nrca3,1,3,117573120,ok,C:\data\jwst_cal\mastDownload\JWST\jw02731001001_02105_00003_nrca3\jw02731001001_02105_00003_nrca3_cal.fits
jw02731001001_02105_00003_nrca4,jw02731001001_02105_00003_nrca4_cal.fits,CAL,F200W,CLEAR,nrca4,1,3,117573120,ok,C:\data\jwst_cal\mastDownload\JWST\jw02731001001_02105_00003_nrca4\jw02731001001_02105_00003_nrca4_cal.fits
jw02731001001_02105_00003_nrcb1,jw02731001001_02105_00003_nrcb1_cal.fits,CAL,F200W,CLEAR,nrcb1,1,3,117573120,ok,C:\data\jwst_cal\mastDownload\JWST\jw02731001001_02105_00003_nrcb1\jw02731001001_02105_00003_nrcb1_cal.fits
jw02731001001_02105_00003_nrcb2,jw02731001001_02105_00003_nrcb2_cal.fits,CAL,F200W,CLEAR,nrcb2,1,3,117573120,ok,C:\data\jwst_cal\mastDownload\JWST\jw02731001001_02105_00003_nrcb2\jw02731001001_02105_00003_nrcb2_cal.fits
jw02731001001_02105_00003_nrcb3,jw02731001001_02105_00003_nrcb3_cal.fits,CAL,F200W,CLEAR,nrcb3,1,3,117573120,ok,C:\data\jwst_cal\mastDownload\JWST\jw02731001001_02105_00003_nrcb3\jw02731001001_02105_00003_nrcb3_cal.fits
jw02731001001_02105_00003_nrcb4,jw02731001001_02105_00003_nrcb4_cal.fits,CAL,F200W,CLEAR,nrcb4,1,3,117573120,ok,C:\data\jwst_cal\mastDownload\JWST\jw02731001001_02105_00003_nrcb4\jw02731001001_02105_00003_nrcb4_cal.fits
jw02731001001_02105_00004_nrca1,jw02731001001_02105_00004_nrca1_cal.fits,CAL,F200W,CLEAR,nrca1,1,4,117570240,ok,C:\data\jwst_cal\mastDownload\JWST\jw02731001001_02105_00004_nrca1\jw02731001001_02105_00004_nrca1_cal.fits
jw02731001001_02105_00004_nrca2,jw02731001001_02105_00004_nrca2_cal.fits,CAL,F200W,CLEAR,nrca2,1,4,117570240,ok,C:\data\jwst_cal\mastDownload\JWST\jw02731001001_02105_00004_nrca2\jw02731001001_02105_00004_nrca2_cal.fits
jw02731001001_02105_00004_nrca3,jw02731001001_02105_00004_nrca3_cal.fits,CAL,F200W,CLEAR,nrca3,1,4,117573120,ok,C:\data\jwst_cal\mastDownload\JWST\jw02731001001_02105_00004_nrca3\jw02731001001_02105_00004_nrca3_cal.fits
jw02731001001_02105_00004_nrca4,jw02731001001_02105_00004_nrca4_cal.fits,CAL,F200W,CLEAR,nrca4,1,4,117573120,ok,C:\data\jwst_cal\mastDownload\JWST\jw02731001001_02105_00004_nrca4\jw02731001001_02105_00004_nrca4_cal.fits
jw02731001001_02105_00004_nrcb1,jw02731001001_02105_00004_nrcb1_cal.fits,CAL,F200W,CLEAR,nrcb1,1,4,117573120,ok,C:\data\jwst_cal\mastDownload\JWST\jw02731001001_02105_00004_nrcb1\jw02731001001_02105_00004_nrcb1_cal.fits
jw02731001001_02105_00004_nrcb2,jw02731001001_02105_00004_nrcb2_cal.fits,CAL,F200W,CLEAR,nrcb2,1,4,117573120,ok,C:\data\jwst_cal\mastDownload\JWST\jw02731001001_02105_00004_nrcb2\jw02731001001_02105_00004_nrcb2_cal.fits
jw02731001001_02105_00004_nrcb3,jw02731001001_02105_00004_nrcb3_cal.fits,CAL,F200W,CLEAR,nrcb3,1,4,117573120,ok,C:\data\jwst_cal\mastDownload\JWST\jw02731001001_02105_00004_nrcb3\jw02731001001_02105_00004_nrcb3_cal.fits
jw02731001001_02105_00004_nrcb4,jw02731001001_02105_00004_nrcb4_cal.fits,CAL,F200W,CLEAR,nrcb4,1,4,117573120,ok,C:\data\jwst_cal\mastDownload\JWST\jw02731001001_02105_00004_nrcb4\jw02731001001_02105_00004_nrcb4_cal.fits
jw02731001001_02105_00005_nrca1,jw02731001001_02105_00005_nrca1_cal.fits,CAL,F200W,CLEAR,nrca1,1,5,117570240,ok,C:\data\jwst_cal\mastDownload\JWST\jw02731001001_02105_00005_nrca1\jw02731001001_02105_00005_nrca1_cal.fits
jw02731001001_02105_00005_nrca2,jw02731001001_02105_00005_nrca2_cal.fits,CAL,F200W,CLEAR,nrca2,1,5,117570240,ok,C:\data\jwst_cal\mastDownload\JWST\jw02731001001_02105_00005_nrca2\jw02731001001_02105_00005_nrca2_cal.fits
jw02731001001_02105_00005_nrca3,jw02731001001_02105_00005_nrca3_cal.fits,CAL,F200W,CLEAR,nrca3,1,5,117573120,ok,C:\data\jwst_cal\mastDownload\JWST\jw02731001001_02105_00005_nrca3\jw02731001001_02105_00005_nrca3_cal.fits
jw02731001001_02105_00005_nrca4,jw02731001001_02105_00005_nrca4_cal.fits,CAL,F200W,CLEAR,nrca4,1,5,117573120,ok,C:\data\jwst_cal\mastDownload\JWST\jw02731001001_02105_00005_nrca4\jw02731001001_02105_00005_nrca4_cal.fits
jw02731001001_02105_00005_nrcb1,jw02731001001_02105_00005_nrcb1_cal.fits,CAL,F200W,CLEAR,nrcb1,1,5,117573120,ok,C:\data\jwst_cal\mastDownload\JWST\jw02731001001_02105_00005_nrcb1\jw02731001001_02105_00005_nrcb1_cal.fits
jw02731001001_02105_00005_nrcb2,jw02731001001_02105_00005_nrcb2_cal.fits,CAL,F200W,CLEAR,nrcb2,1,5,117573120,ok,C:\data\jwst_cal\mastDownload\JWST\jw02731001001_02105_00005_nrcb2\jw02731001001_02105_00005_nrcb2_cal.fits
jw02731001001_02105_00005_nrcb3,jw02731001001_02105_00005_nrcb3_cal.fits,CAL,F200W,CLEAR,nrcb3,1,5,117573120,ok,C:\data\jwst_cal\mastDownload\JWST\jw02731001001_02105_00005_nrcb3\jw02731001001_02105_00005_nrcb3_cal.fits
jw02731001001_02105_00005_nrcb4,jw02731001001_02105_00005_nrcb4_cal.fits,CAL,F200W,CLEAR,nrcb4,1,5,117573120,ok,C:\data\jwst_cal\mastDownload\JWST\jw02731001001_02105_00005_nrcb4\jw02731001001_02105_00005_nrcb4_cal.fits
jw02731001002_02101_00001_nrca1,jw02731001002_02101_00001_nrca1_cal.fits,CAL,F187N,CLEAR,nrca1,2,1,117573120,ok,C:\data\jwst_cal\mastDownload\JWST\jw02731001002_02101_00001_nrca1\jw02731001002_02101_00001_nrca1_cal.fits
jw02731001002_02101_00001_nrca2,jw02731001002_02101_00001_nrca2_cal.fits,CAL,F187N,CLEAR,nrca2,2,1,117573120,ok,C:\data\jwst_cal\mastDownload\JWST\jw02731001002_02101_00001_nrca2\jw02731001002_02101_00001_nrca2_cal.fits
jw02731001002_02101_00001_nrca3,jw02731001002_02101_00001_nrca3_cal.fits,CAL,F187N,CLEAR,nrca3,2,1,117573120,ok,C:\data\jwst_cal\mastDownload\JWST\jw02731001002_02101_00001_nrca3\jw02731001002_02101_00001_nrca3_cal.fits
jw02731001002_02101_00001_nrca4,jw02731001002_02101_00001_nrca4_cal.fits,CAL,F187N,CLEAR,nrca4,2,1,117573120,ok,C:\data\jwst_cal\mastDownload\JWST\jw02731001002_02101_00001_nrca4\jw02731001002_02101_00001_nrca4_cal.fits
jw02731001002_02101_00001_nrcb1,jw02731001002_02101_00001_nrcb1_cal.fits,CAL,F187N,CLEAR,nrcb1,2,1,117573120,ok,C:\data\jwst_cal\mastDownload\JWST\jw02731001002_02101_00001_nrcb1\jw02731001002_02101_00001_nrcb1_cal.fits
jw02731001002_02101_00001_nrcb2,jw02731001002_02101_00001_nrcb2_cal.fits,CAL,F187N,CLEAR,nrcb2,2,1,117573120,ok,C:\data\jwst_cal\mastDownload\JWST\jw02731001002_02101_00001_nrcb2\jw02731001002_02101_00001_nrcb2_cal.fits
jw02731001002_02101_00001_nrcb3,jw02731001002_02101_00001_nrcb3_cal.fits,CAL,F187N,CLEAR,nrcb3,2,1,117573120,ok,C:\data\jwst_cal\mastDownload\JWST\jw02731001002_02101_00001_nrcb3\jw02731001002_02101_00001_nrcb3_cal.fits
jw02731001002_02101_00001_nrcb4,jw02731001002_02101_00001_nrcb4_cal.fits,CAL,F187N,CLEAR,nrcb4,2,1,117573120,ok,C:\data\jwst_cal\mastDownload\JWST\jw02731001002_02101_00001_nrcb4\jw02731001002_02101_00001_nrcb4_cal.fits
jw02731001002_02101_00002_nrca1,jw02731001002_02101_00002_nrca1_cal.fits,CAL,F187N,CLEAR,nrca1,2,2,117573120,ok,C:\data\jwst_cal\mastDownload\JWST\jw02731001002_02101_00002_nrca1\jw02731001002_02101_00002_nrca1_cal.fits
jw02731001002_02101_00002_nrca2,jw02731001002_02101_00002_nrca2_cal.fits,CAL,F187N,CLEAR,nrca2,2,2,117573120,ok,C:\data\jwst_cal\mastDownload\JWST\jw02731001002_02101_00002_nrca2\jw02731001002_02101_00002_nrca2_cal.fits
jw02731001002_02101_00002_nrca3,jw02731001002_02101_00002_nrca3_cal.fits,CAL,F187N,CLEAR,nrca3,2,2,117573120,ok,C:\data\jwst_cal\mastDownload\JWST\jw02731001002_02101_00002_nrca3\jw02731001002_02101_00002_nrca3_cal.fits
jw02731001002_02101_00002_nrca4,jw02731001002_02101_00002_nrca4_cal.fits,CAL,F187N,CLEAR,nrca4,2,2,117573120,ok,C:\data\jwst_cal\mastDownload\JWST\jw02731001002_02101_00002_nrca4\jw02731001002_02101_00002_nrca4_cal.fits
jw02731001002_02101_00002_nrcb1,jw02731001002_02101_00002_nrcb1_cal.fits,CAL,F187N,CLEAR,nrcb1,2,2,117573120,ok,C:\data\jwst_cal\mastDownload\JWST\jw02731001002_02101_00002_nrcb1\jw02731001002_02101_00002_nrcb1_cal.fits
jw02731001002_02101_00002_nrcb2,jw02731001002_02101_00002_nrcb2_cal.fits,CAL,F187N,CLEAR,nrcb2,2,2,117573120,ok,C:\data\jwst_cal\mastDownload\JWST\jw02731001002_02101_00002_nrcb2\jw02731001002_02101_00002_nrcb2_cal.fits
jw02731001002_02101_00002_nrcb3,jw02731001002_02101_00002_nrcb3_cal.fits,CAL,F187N,CLEAR,nrcb3,2,2,117573120,ok,C:\data\jwst_cal\mastDownload\JWST\jw02731001002_02101_00002_nrcb3\jw02731001002_02101_00002_nrcb3_cal.fits
jw02731001002_02101_00002_nrcb4,jw02731001002_02101_00002_nrcb4_cal.fits,CAL,F187N,CLEAR,nrcb4,2,2,117573120,ok,C:\data\jwst_cal\mastDownload\JWST\jw02731001002_02101_00002_nrcb4\jw02731001002_02101_00002_nrcb4_cal.fits
jw02731001002_02101_00003_nrca1,jw02731001002_02101_00003_nrca1_cal.fits,CAL,F187N,CLEAR,nrca1,2,3,117573120,ok,C:\data\jwst_cal\mastDownload\JWST\jw02731001002_02101_00003_nrca1\jw02731001002_02101_00003_nrca1_cal.fits
jw02731001002_02101_00003_nrca2,jw02731001002_02101_00003_nrca2_cal.fits,CAL,F187N,CLEAR,nrca2,2,3,117573120,ok,C:\data\jwst_cal\mastDownload\JWST\jw02731001002_02101_00003_nrca2\jw02731001002_02101_00003_nrca2_cal.fits
jw02731001002_02101_00003_nrca3,jw02731001002_02101_00003_nrca3_cal.fits,CAL,F187N,CLEAR,nrca3,2,3,117573120,ok,C:\data\jwst_cal\mastDownload\JWST\jw02731001002_02101_00003_nrca3\jw02731001002_02101_00003_nrca3_cal.fits
jw02731001002_02101_00003_nrca4,jw02731001002_02101_00003_nrca4_cal.fits,CAL,F187N,CLEAR,nrca4,2,3,117573120,ok,C:\data\jwst_cal\mastDownload\JWST\jw02731001002_02101_00003_nrca4\jw02731001002_02101_00003_nrca4_cal.fits
jw02731001002_02101_00003_nrcb1,jw02731001002_02101_00003_nrcb1_cal.fits,CAL,F187N,CLEAR,nrcb1,2,3,117573120,ok,C:\data\jwst_cal\mastDownload\JWST\jw02731001002_02101_00003_nrcb1\jw02731001002_02101_00003_nrcb1_cal.fits
jw02731001002_02101_00003_nrcb2,jw02731001002_02101_00003_nrcb2_cal.fits,CAL,F187N,CLEAR,nrcb2,2,3,117573120,ok,C:\data\jwst_cal\mastDownload\JWST\jw02731001002_02101_00003_nrcb2\jw02731001002_02101_00003_nrcb2_cal.fits
jw02731001002_02101_00003_nrcb3,jw02731001002_02101_00003_nrcb3_cal.fits,CAL,F187N,CLEAR,nrcb3,2,3,117573120,ok,C:\data\jwst_cal\mastDownload\JWST\jw02731001002_02101_00003_nrcb3\jw02731001002_02101_00003_nrcb3_cal.fits
jw02731001002_02101_00003_nrcb4,jw02731001002_02101_00003_nrcb4_cal.fits,CAL,F187N,CLEAR,nrcb4,2,3,117573120,ok,C:\data\jwst_cal\mastDownload\JWST\jw02731001002_02101_00003_nrcb4\jw02731001002_02101_00003_nrcb4_cal.fits
jw02731001002_02101_00004_nrca1,jw02731001002_02101_00004_nrca1_cal.fits,CAL,F187N,CLEAR,nrca1,2,4,117573120,ok,C:\data\jwst_cal\mastDownload\JWST\jw02731001002_02101_00004_nrca1\jw02731001002_02101_00004_nrca1_cal.fits
jw02731001002_02101_00004_nrca2,jw02731001002_02101_00004_nrca2_cal.fits,CAL,F187N,CLEAR,nrca2,2,4,117573120,ok,C:\data\jwst_cal\mastDownload\JWST\jw02731001002_02101_00004_nrca2\jw02731001002_02101_00004_nrca2_cal.fits
jw02731001002_02101_00004_nrca3,jw02731001002_02101_00004_nrca3_cal.fits,CAL,F187N,CLEAR,nrca3,2,4,117573120,ok,C:\data\jwst_cal\mastDownload\JWST\jw02731001002_02101_00004_nrca3\jw02731001002_02101_00004_nrca3_cal.fits
jw02731001002_02101_00004_nrca4,jw02731001002_02101_00004_nrca4_cal.fits,CAL,F187N,CLEAR,nrca4,2,4,117573120,ok,C:\data\jwst_cal\mastDownload\JWST\jw02731001002_02101_00004_nrca4\jw02731001002_02101_00004_nrca4_cal.fits
jw02731001002_02101_00004_nrcb1,jw02731001002_02101_00004_nrcb1_cal.fits,CAL,F187N,CLEAR,nrcb1,2,4,117573120,ok,C:\data\jwst_cal\mastDownload\JWST\jw02731001002_02101_00004_nrcb1\jw02731001002_02101_00004_nrcb1_cal.fits
jw02731001002_02101_00004_nrcb2,jw02731001002_02101_00004_nrcb2_cal.fits,CAL,F187N,CLEAR,nrcb2,2,4,117573120,ok,C:\data\jwst_cal\mastDownload\JWST\jw02731001002_02101_00004_nrcb2\jw02731001002_02101_00004_nrcb2_cal.fits
jw02731001002_02101_00004_nrcb3,jw02731001002_02101_00004_nrcb3_cal.fits,CAL,F187N,CLEAR,nrcb3,2,4,117573120,ok,C:\data\jwst_cal\mastDownload\JWST\jw02731001002_02101_00004_nrcb3\jw02731001002_02101_00004_nrcb3_cal.fits
jw02731001002_02101_00004_nrcb4,jw02731001002_02101_00004_nrcb4_cal.fits,CAL,F187N,CLEAR,nrcb4,2,4,117573120,ok,C:\data\jwst_cal\mastDownload\JWST\jw02731001002_02101_00004_nrcb4\jw02731001002_02101_00004_nrcb4_cal.fits
jw02731001002_02101_00005_nrca1,jw02731001002_02101_00005_nrca1_cal.fits,CAL,F187N,CLEAR,nrca1,2,5,117573120,ok,C:\data\jwst_cal\mastDownload\JWST\jw02731001002_02101_00005_nrca1\jw02731001002_02101_00005_nrca1_cal.fits
jw02731001002_02101_00005_nrca2,jw02731001002_02101_00005_nrca2_cal.fits,CAL,F187N,CLEAR,nrca2,2,5,117573120,ok,C:\data\jwst_cal\mastDownload\JWST\jw02731001002_02101_00005_nrca2\jw02731001002_02101_00005_nrca2_cal.fits
jw02731001002_02101_00005_nrca3,jw02731001002_02101_00005_nrca3_cal.fits,CAL,F187N,CLEAR,nrca3,2,5,117573120,ok,C:\data\jwst_cal\mastDownload\JWST\jw02731001002_02101_00005_nrca3\jw02731001002_02101_00005_nrca3_cal.fits
jw02731001002_02101_00005_nrca4,jw02731001002_02101_00005_nrca4_cal.fits,CAL,F187N,CLEAR,nrca4,2,5,117573120,ok,C:\data\jwst_cal\mastDownload\JWST\jw02731001002_02101_00005_nrca4\jw02731001002_02101_00005_nrca4_cal.fits
jw02731001002_02101_00005_nrcb1,jw02731001002_02101_00005_nrcb1_cal.fits,CAL,F187N,CLEAR,nrcb1,2,5,117573120,ok,C:\data\jwst_cal\mastDownload\JWST\jw02731001002_02101_00005_nrcb1\jw02731001002_02101_00005_nrcb1_cal.fits
jw02731001002_02101_00005_nrcb2,jw02731001002_02101_00005_nrcb2_cal.fits,CAL,F187N,CLEAR,nrcb2,2,5,117573120,ok,C:\data\jwst_cal\mastDownload\JWST\jw02731001002_02101_00005_nrcb2\jw02731001002_02101_00005_nrcb2_cal.fits
jw02731001002_02101_00005_nrcb3,jw02731001002_02101_00005_nrcb3_cal.fits,CAL,F187N,CLEAR,nrcb3,2,5,117573120,ok,C:\data\jwst_cal\mastDownload\JWST\jw02731001002_02101_00005_nrcb3\jw02731001002_02101_00005_nrcb3_cal.fits
jw02731001002_02101_00005_nrcb4,jw02731001002_02101_00005_nrcb4_cal.fits,CAL,F187N,CLEAR,nrcb4,2,5,117573120,ok,C:\data\jwst_cal\mastDownload\JWST\jw02731001002_02101_00005_nrcb4\jw02731001002_02101_00005_nrcb4_cal.fits
jw02731001002_02103_00001_nrca1,jw02731001002_02103_00001_nrca1_cal.fits,CAL,F090W,CLEAR,nrca1,2,1,117573120,ok,C:\data\jwst_cal\mastDownload\JWST\jw02731001002_02103_00001_nrca1\jw02731001002_02103_00001_nrca1_cal.fits
jw02731001002_02103_00001_nrca2,jw02731001002_02103_00001_nrca2_cal.fits,CAL,F090W,CLEAR,nrca2,2,1,117573120,ok,C:\data\jwst_cal\mastDownload\JWST\jw02731001002_02103_00001_nrca2\jw02731001002_02103_00001_nrca2_cal.fits
jw02731001002_02103_00001_nrca3,jw02731001002_02103_00001_nrca3_cal.fits,CAL,F090W,CLEAR,nrca3,2,1,117573120,ok,C:\data\jwst_cal\mastDownload\JWST\jw02731001002_02103_00001_nrca3\jw02731001002_02103_00001_nrca3_cal.fits
jw02731001002_02103_00001_nrca4,jw02731001002_02103_00001_nrca4_cal.fits,CAL,F090W,CLEAR,nrca4,2,1,117573120,ok,C:\data\jwst_cal\mastDownload\JWST\jw02731001002_02103_00001_nrca4\jw02731001002_02103_00001_nrca4_cal.fits
jw02731001002_02103_00001_nrcalong,jw02731001002_02103_00001_nrcalong_cal.fits,CAL,F335M,CLEAR,nrcalong,2,1,117573120,ok,C:\data\jwst_cal\mastDownload\JWST\jw02731001002_02103_00001_nrcalong\jw02731001002_02103_00001_nrcalong_cal.fits
jw02731001002_02103_00001_nrcb1,jw02731001002_02103_00001_nrcb1_cal.fits,CAL,F090W,CLEAR,nrcb1,2,1,117573120,ok,C:\data\jwst_cal\mastDownload\JWST\jw02731001002_02103_00001_nrcb1\jw02731001002_02103_00001_nrcb1_cal.fits
jw02731001002_02103_00001_nrcb2,jw02731001002_02103_00001_nrcb2_cal.fits,CAL,F090W,CLEAR,nrcb2,2,1,117573120,ok,C:\data\jwst_cal\mastDownload\JWST\jw02731001002_02103_00001_nrcb2\jw02731001002_02103_00001_nrcb2_cal.fits
jw02731001002_02103_00001_nrcb3,jw02731001002_02103_00001_nrcb3_cal.fits,CAL,F090W,CLEAR,nrcb3,2,1,117573120,ok,C:\data\jwst_cal\mastDownload\JWST\jw02731001002_02103_00001_nrcb3\jw02731001002_02103_00001_nrcb3_cal.fits
jw02731001002_02103_00001_nrcb4,jw02731001002_02103_00001_nrcb4_cal.fits,CAL,F090W,CLEAR,nrcb4,2,1,117573120,ok,C:\data\jwst_cal\mastDownload\JWST\jw02731001002_02103_00001_nrcb4\jw02731001002_02103_00001_nrcb4_cal.fits
jw02731001002_02103_00001_nrcblong,jw02731001002_02103_00001_nrcblong_cal.fits,CAL,F335M,CLEAR,nrcblong,2,1,117573120,ok,C:\data\jwst_cal\mastDownload\JWST\jw02731001002_02103_00001_nrcblong\jw02731001002_02103_00001_nrcblong_cal.fits
jw02731001002_02103_00002_nrca1,jw02731001002_02103_00002_nrca1_cal.fits,CAL,F090W,CLEAR,nrca1,2,2,117573120,ok,C:\data\jwst_cal\mastDownload\JWST\jw02731001002_02103_00002_nrca1\jw02731001002_02103_00002_nrca1_cal.fits
jw02731001002_02103_00002_nrca2,jw02731001002_02103_00002_nrca2_cal.fits,CAL,F090W,CLEAR,nrca2,2,2,117573120,ok,C:\data\jwst_cal\mastDownload\JWST\jw02731001002_02103_00002_nrca2\jw02731001002_02103_00002_nrca2_cal.fits
jw02731001002_02103_00002_nrca3,jw02731001002_02103_00002_nrca3_cal.fits,CAL,F090W,CLEAR,nrca3,2,2,117573120,ok,C:\data\jwst_cal\mastDownload\JWST\jw02731001002_02103_00002_nrca3\jw02731001002_02103_00002_nrca3_cal.fits
jw02731001002_02103_00002_nrca4,jw02731001002_02103_00002_nrca4_cal.fits,CAL,F090W,CLEAR,nrca4,2,2,117573120,ok,C:\data\jwst_cal\mastDownload\JWST\jw02731001002_02103_00002_nrca4\jw02731001002_02103_00002_nrca4_cal.fits
jw02731001002_02103_00002_nrcalong,jw02731001002_02103_00002_nrcalong_cal.fits,CAL,F335M,CLEAR,nrcalong,2,2,117573120,ok,C:\data\jwst_cal\mastDownload\JWST\jw02731001002_02103_00002_nrcalong\jw02731001002_02103_00002_nrcalong_cal.fits
jw02731001002_02103_00002_nrcb1,jw02731001002_02103_00002_nrcb1_cal.fits,CAL,F090W,CLEAR,nrcb1,2,2,117573120,ok,C:\data\jwst_cal\mastDownload\JWST\jw02731001002_02103_00002_nrcb1\jw02731001002_02103_00002_nrcb1_cal.fits
jw02731001002_02103_00002_nrcb2,jw02731001002_02103_00002_nrcb2_cal.fits,CAL,F090W,CLEAR,nrcb2,2,2,117573120,ok,C:\data\jwst_cal\mastDownload\JWST\jw02731001002_02103_00002_nrcb2\jw02731001002_02103_00002_nrcb2_cal.fits
jw02731001002_02103_00002_nrcb3,jw02731001002_02103_00002_nrcb3_cal.fits,CAL,F090W,CLEAR,nrcb3,2,2,117573120,ok,C:\data\jwst_cal\mastDownload\JWST\jw02731001002_02103_00002_nrcb3\jw02731001002_02103_00002_nrcb3_cal.fits
jw02731001002_02103_00002_nrcb4,jw02731001002_02103_00002_nrcb4_cal.fits,CAL,F090W,CLEAR,nrcb4,2,2,117573120,ok,C:\data\jwst_cal\mastDownload\JWST\jw02731001002_02103_00002_nrcb4\jw02731001002_02103_00002_nrcb4_cal.fits
jw02731001002_02103_00002_nrcblong,jw02731001002_02103_00002_nrcblong_cal.fits,CAL,F335M,CLEAR,nrcblong,2,2,117573120,ok,C:\data\jwst_cal\mastDownload\JWST\jw02731001002_02103_00002_nrcblong\jw02731001002_02103_00002_nrcblong_cal.fits
jw02731001002_02103_00003_nrca1,jw02731001002_02103_00003_nrca1_cal.fits,CAL,F090W,CLEAR,nrca1,2,3,117573120,ok,C:\data\jwst_cal\mastDownload\JWST\jw02731001002_02103_00003_nrca1\jw02731001002_02103_00003_nrca1_cal.fits
jw02731001002_02103_00003_nrca2,jw02731001002_02103_00003_nrca2_cal.fits,CAL,F090W,CLEAR,nrca2,2,3,117573120,ok,C:\data\jwst_cal\mastDownload\JWST\jw02731001002_02103_00003_nrca2\jw02731001002_02103_00003_nrca2_cal.fits
jw02731001002_02103_00003_nrca3,jw02731001002_02103_00003_nrca3_cal.fits,CAL,F090W,CLEAR,nrca3,2,3,117573120,ok,C:\data\jwst_cal\mastDownload\JWST\jw02731001002_02103_00003_nrca3\jw02731001002_02103_00003_nrca3_cal.fits
jw02731001002_02103_00003_nrca4,jw02731001002_02103_00003_nrca4_cal.fits,CAL,F090W,CLEAR,nrca4,2,3,117573120,ok,C:\data\jwst_cal\mastDownload\JWST\jw02731001002_02103_00003_nrca4\jw02731001002_02103_00003_nrca4_cal.fits
jw02731001002_02103_00003_nrcalong,jw02731001002_02103_00003_nrcalong_cal.fits,CAL,F335M,CLEAR,nrcalong,2,3,117573120,ok,C:\data\jwst_cal\mastDownload\JWST\jw02731001002_02103_00003_nrcalong\jw02731001002_02103_00003_nrcalong_cal.fits
jw02731001002_02103_00003_nrcb1,jw02731001002_02103_00003_nrcb1_cal.fits,CAL,F090W,CLEAR,nrcb1,2,3,117573120,ok,C:\data\jwst_cal\mastDownload\JWST\jw02731001002_02103_00003_nrcb1\jw02731001002_02103_00003_nrcb1_cal.fits
jw02731001002_02103_00003_nrcb2,jw02731001002_02103_00003_nrcb2_cal.fits,CAL,F090W,CLEAR,nrcb2,2,3,117573120,ok,C:\data\jwst_cal\mastDownload\JWST\jw02731001002_02103_00003_nrcb2\jw02731001002_02103_00003_nrcb2_cal.fits
jw02731001002_02103_00003_nrcb3,jw02731001002_02103_00003_nrcb3_cal.fits,CAL,F090W,CLEAR,nrcb3,2,3,117573120,ok,C:\data\jwst_cal\mastDownload\JWST\jw02731001002_02103_00003_nrcb3\jw02731001002_02103_00003_nrcb3_cal.fits
jw02731001002_02103_00003_nrcb4,jw02731001002_02103_00003_nrcb4_cal.fits,CAL,F090W,CLEAR,nrcb4,2,3,117573120,ok,C:\data\jwst_cal\mastDownload\JWST\jw02731001002_02103_00003_nrcb4\jw02731001002_02103_00003_nrcb4_cal.fits
jw02731001002_02103_00003_nrcblong,jw02731001002_02103_00003_nrcblong_cal.fits,CAL,F335M,CLEAR,nrcblong,2,3,117573120,ok,C:\data\jwst_cal\mastDownload\JWST\jw02731001002_02103_00003_nrcblong\jw02731001002_02103_00003_nrcblong_cal.fits
jw02731001002_02103_00004_nrca1,jw02731001002_02103_00004_nrca1_cal.fits,CAL,F090W,CLEAR,nrca1,2,4,117573120,ok,C:\data\jwst_cal\mastDownload\JWST\jw02731001002_02103_00004_nrca1\jw02731001002_02103_00004_nrca1_cal.fits
jw02731001002_02103_00004_nrca2,jw02731001002_02103_00004_nrca2_cal.fits,CAL,F090W,CLEAR,nrca2,2,4,117573120,ok,C:\data\jwst_cal\mastDownload\JWST\jw02731001002_02103_00004_nrca2\jw02731001002_02103_00004_nrca2_cal.fits
jw02731001002_02103_00004_nrca3,jw02731001002_02103_00004_nrca3_cal.fits,CAL,F090W,CLEAR,nrca3,2,4,117573120,ok,C:\data\jwst_cal\mastDownload\JWST\jw02731001002_02103_00004_nrca3\jw02731001002_02103_00004_nrca3_cal.fits
jw02731001002_02103_00004_nrca4,jw02731001002_02103_00004_nrca4_cal.fits,CAL,F090W,CLEAR,nrca4,2,4,117573120,ok,C:\data\jwst_cal\mastDownload\JWST\jw02731001002_02103_00004_nrca4\jw02731001002_02103_00004_nrca4_cal.fits
jw02731001002_02103_00004_nrcalong,jw02731001002_02103_00004_nrcalong_cal.fits,CAL,F335M,CLEAR,nrcalong,2,4,117573120,ok,C:\data\jwst_cal\mastDownload\JWST\jw02731001002_02103_00004_nrcalong\jw02731001002_02103_00004_nrcalong_cal.fits
jw02731001002_02103_00004_nrcb1,jw02731001002_02103_00004_nrcb1_cal.fits,CAL,F090W,CLEAR,nrcb1,2,4,117573120,ok,C:\data\jwst_cal\mastDownload\JWST\jw02731001002_02103_00004_nrcb1\jw02731001002_02103_00004_nrcb1_cal.fits
jw02731001002_02103_00004_nrcb2,jw02731001002_02103_00004_nrcb2_cal.fits,CAL,F090W,CLEAR,nrcb2,2,4,117573120,ok,C:\data\jwst_cal\mastDownload\JWST\jw02731001002_02103_00004_nrcb2\jw02731001002_02103_00004_nrcb2_cal.fits
jw02731001002_02103_00004_nrcb3,jw02731001002_02103_00004_nrcb3_cal.fits,CAL,F090W,CLEAR,nrcb3,2,4,117573120,ok,C:\data\jwst_cal\mastDownload\JWST\jw02731001002_02103_00004_nrcb3\jw02731001002_02103_00004_nrcb3_cal.fits
jw02731001002_02103_00004_nrcb4,jw02731001002_02103_00004_nrcb4_cal.fits,CAL,F090W,CLEAR,nrcb4,2,4,117573120,ok,C:\data\jwst_cal\mastDownload\JWST\jw02731001002_02103_00004_nrcb4\jw02731001002_02103_00004_nrcb4_cal.fits
jw02731001002_02103_00004_nrcblong,jw02731001002_02103_00004_nrcblong_cal.fits,CAL,F335M,CLEAR,nrcblong,2,4,117573120,ok,C:\data\jwst_cal\mastDownload\JWST\jw02731001002_02103_00004_nrcblong\jw02731001002_02103_00004_nrcblong_cal.fits
jw02731001002_02103_00005_nrca1,jw02731001002_02103_00005_nrca1_cal.fits,CAL,F090W,CLEAR,nrca1,2,5,117573120,ok,C:\data\jwst_cal\mastDownload\JWST\jw02731001002_02103_00005_nrca1\jw02731001002_02103_00005_nrca1_cal.fits
jw02731001002_02103_00005_nrca2,jw02731001002_02103_00005_nrca2_cal.fits,CAL,F090W,CLEAR,nrca2,2,5,117573120,ok,C:\data\jwst_cal\mastDownload\JWST\jw02731001002_02103_00005_nrca2\jw02731001002_02103_00005_nrca2_cal.fits
jw02731001002_02103_00005_nrca3,jw02731001002_02103_00005_nrca3_cal.fits,CAL,F090W,CLEAR,nrca3,2,5,117573120,ok,C:\data\jwst_cal\mastDownload\JWST\jw02731001002_02103_00005_nrca3\jw02731001002_02103_00005_nrca3_cal.fits
jw02731001002_02103_00005_nrca4,jw02731001002_02103_00005_nrca4_cal.fits,CAL,F090W,CLEAR,nrca4,2,5,117573120,ok,C:\data\jwst_cal\mastDownload\JWST\jw02731001002_02103_00005_nrca4\jw02731001002_02103_00005_nrca4_cal.fits
jw02731001002_02103_00005_nrcalong,jw02731001002_02103_00005_nrcalong_cal.fits,CAL,F335M,CLEAR,nrcalong,2,5,117573120,ok,C:\data\jwst_cal\mastDownload\JWST\jw02731001002_02103_00005_nrcalong\jw02731001002_02103_00005_nrcalong_cal.fits
jw02731001002_02103_00005_nrcb1,jw02731001002_02103_00005_nrcb1_cal.fits,CAL,F090W,CLEAR,nrcb1,2,5,117573120,ok,C:\data\jwst_cal\mastDownload\JWST\jw02731001002_02103_00005_nrcb1\jw02731001002_02103_00005_nrcb1_cal.fits
jw02731001002_02103_00005_nrcb2,jw02731001002_02103_00005_nrcb2_cal.fits,CAL,F090W,CLEAR,nrcb2,2,5,117573120,ok,C:\data\jwst_cal\mastDownload\JWST\jw02731001002_02103_00005_nrcb2\jw02731001002_02103_00005_nrcb2_cal.fits
jw02731001002_02103_00005_nrcb3,jw02731001002_02103_00005_nrcb3_cal.fits,CAL,F090W,CLEAR,nrcb3,2,5,117573120,ok,C:\data\jwst_cal\mastDownload\JWST\jw02731001002_02103_00005_nrcb3\jw02731001002_02103_00005_nrcb3_cal.fits
jw02731001002_02103_00005_nrcb4,jw02731001002_02103_00005_nrcb4_cal.fits,CAL,F090W,CLEAR,nrcb4,2,5,117573120,ok,C:\data\jwst_cal\mastDownload\JWST\jw02731001002_02103_00005_nrcb4\jw02731001002_02103_00005_nrcb4_cal.fits
jw02731001002_02103_00005_nrcblong,jw02731001002_02103_00005_nrcblong_cal.fits,CAL,F335M,CLEAR,nrcblong,2,5,117573120,ok,C:\data\jwst_cal\mastDownload\JWST\jw02731001002_02103_00005_nrcblong\jw02731001002_02103_00005_nrcblong_cal.fits
jw02731001002_02105_00001_nrca1,jw02731001002_02105_00001_nrca1_cal.fits,CAL,F200W,CLEAR,nrca1,2,1,117570240,ok,C:\data\jwst_cal\mastDownload\JWST\jw02731001002_02105_00001_nrca1\jw02731001002_02105_00001_nrca1_cal.fits
jw02731001002_02105_00001_nrca2,jw02731001002_02105_00001_nrca2_cal.fits,CAL,F200W,CLEAR,nrca2,2,1,117570240,ok,C:\data\jwst_cal\mastDownload\JWST\jw02731001002_02105_00001_nrca2\jw02731001002_02105_00001_nrca2_cal.fits
jw02731001002_02105_00001_nrca3,jw02731001002_02105_00001_nrca3_cal.fits,CAL,F200W,CLEAR,nrca3,2,1,117573120,ok,C:\data\jwst_cal\mastDownload\JWST\jw02731001002_02105_00001_nrca3\jw02731001002_02105_00001_nrca3_cal.fits
jw02731001002_02105_00001_nrca4,jw02731001002_02105_00001_nrca4_cal.fits,CAL,F200W,CLEAR,nrca4,2,1,117573120,ok,C:\data\jwst_cal\mastDownload\JWST\jw02731001002_02105_00001_nrca4\jw02731001002_02105_00001_nrca4_cal.fits
jw02731001002_02105_00001_nrcb1,jw02731001002_02105_00001_nrcb1_cal.fits,CAL,F200W,CLEAR,nrcb1,2,1,117573120,ok,C:\data\jwst_cal\mastDownload\JWST\jw02731001002_02105_00001_nrcb1\jw02731001002_02105_00001_nrcb1_cal.fits
jw02731001002_02105_00001_nrcb2,jw02731001002_02105_00001_nrcb2_cal.fits,CAL,F200W,CLEAR,nrcb2,2,1,117573120,ok,C:\data\jwst_cal\mastDownload\JWST\jw02731001002_02105_00001_nrcb2\jw02731001002_02105_00001_nrcb2_cal.fits
jw02731001002_02105_00001_nrcb3,jw02731001002_02105_00001_nrcb3_cal.fits,CAL,F200W,CLEAR,nrcb3,2,1,117573120,ok,C:\data\jwst_cal\mastDownload\JWST\jw02731001002_02105_00001_nrcb3\jw02731001002_02105_00001_nrcb3_cal.fits
jw02731001002_02105_00001_nrcb4,jw02731001002_02105_00001_nrcb4_cal.fits,CAL,F200W,CLEAR,nrcb4,2,1,117573120,ok,C:\data\jwst_cal\mastDownload\JWST\jw02731001002_02105_00001_nrcb4\jw02731001002_02105_00001_nrcb4_cal.fits
jw02731001002_02105_00002_nrca1,jw02731001002_02105_00002_nrca1_cal.fits,CAL,F200W,CLEAR,nrca1,2,2,117570240,ok,C:\data\jwst_cal\mastDownload\JWST\jw02731001002_02105_00002_nrca1\jw02731001002_02105_00002_nrca1_cal.fits
jw02731001002_02105_00002_nrca2,jw02731001002_02105_00002_nrca2_cal.fits,CAL,F200W,CLEAR,nrca2,2,2,117570240,ok,C:\data\jwst_cal\mastDownload\JWST\jw02731001002_02105_00002_nrca2\jw02731001002_02105_00002_nrca2_cal.fits
jw02731001002_02105_00002_nrca3,jw02731001002_02105_00002_nrca3_cal.fits,CAL,F200W,CLEAR,nrca3,2,2,117573120,ok,C:\data\jwst_cal\mastDownload\JWST\jw02731001002_02105_00002_nrca3\jw02731001002_02105_00002_nrca3_cal.fits
jw02731001002_02105_00002_nrca4,jw02731001002_02105_00002_nrca4_cal.fits,CAL,F200W,CLEAR,nrca4,2,2,117573120,ok,C:\data\jwst_cal\mastDownload\JWST\jw02731001002_02105_00002_nrca4\jw02731001002_02105_00002_nrca4_cal.fits
jw02731001002_02105_00002_nrcb1,jw02731001002_02105_00002_nrcb1_cal.fits,CAL,F200W,CLEAR,nrcb1,2,2,117573120,ok,C:\data\jwst_cal\mastDownload\JWST\jw02731001002_02105_00002_nrcb1\jw02731001002_02105_00002_nrcb1_cal.fits
jw02731001002_02105_00002_nrcb2,jw02731001002_02105_00002_nrcb2_cal.fits,CAL,F200W,CLEAR,nrcb2,2,2,117573120,ok,C:\data\jwst_cal\mastDownload\JWST\jw02731001002_02105_00002_nrcb2\jw02731001002_02105_00002_nrcb2_cal.fits
jw02731001002_02105_00002_nrcb3,jw02731001002_02105_00002_nrcb3_cal.fits,CAL,F200W,CLEAR,nrcb3,2,2,117573120,ok,C:\data\jwst_cal\mastDownload\JWST\jw02731001002_02105_00002_nrcb3\jw02731001002_02105_00002_nrcb3_cal.fits
jw02731001002_02105_00002_nrcb4,jw02731001002_02105_00002_nrcb4_cal.fits,CAL,F200W,CLEAR,nrcb4,2,2,117573120,ok,C:\data\jwst_cal\mastDownload\JWST\jw02731001002_02105_00002_nrcb4\jw02731001002_02105_00002_nrcb4_cal.fits
jw02731001002_02105_00003_nrca1,jw02731001002_02105_00003_nrca1_cal.fits,CAL,F200W,CLEAR,nrca1,2,3,117570240,ok,C:\data\jwst_cal\mastDownload\JWST\jw02731001002_02105_00003_nrca1\jw02731001002_02105_00003_nrca1_cal.fits
jw02731001002_02105_00003_nrca2,jw02731001002_02105_00003_nrca2_cal.fits,CAL,F200W,CLEAR,nrca2,2,3,117570240,ok,C:\data\jwst_cal\mastDownload\JWST\jw02731001002_02105_00003_nrca2\jw02731001002_02105_00003_nrca2_cal.fits
jw02731001002_02105_00003_nrca3,jw02731001002_02105_00003_nrca3_cal.fits,CAL,F200W,CLEAR,nrca3,2,3,117573120,ok,C:\data\jwst_cal\mastDownload\JWST\jw02731001002_02105_00003_nrca3\jw02731001002_02105_00003_nrca3_cal.fits
jw02731001002_02105_00003_nrca4,jw02731001002_02105_00003_nrca4_cal.fits,CAL,F200W,CLEAR,nrca4,2,3,117573120,ok,C:\data\jwst_cal\mastDownload\JWST\jw02731001002_02105_00003_nrca4\jw02731001002_02105_00003_nrca4_cal.fits
jw02731001002_02105_00003_nrcb1,jw02731001002_02105_00003_nrcb1_cal.fits,CAL,F200W,CLEAR,nrcb1,2,3,117573120,ok,C:\data\jwst_cal\mastDownload\JWST\jw02731001002_02105_00003_nrcb1\jw02731001002_02105_00003_nrcb1_cal.fits
jw02731001002_02105_00003_nrcb2,jw02731001002_02105_00003_nrcb2_cal.fits,CAL,F200W,CLEAR,nrcb2,2,3,117573120,ok,C:\data\jwst_cal\mastDownload\JWST\jw02731001002_02105_00003_nrcb2\jw02731001002_02105_00003_nrcb2_cal.fits
jw02731001002_02105_00003_nrcb3,jw02731001002_02105_00003_nrcb3_cal.fits,CAL,F200W,CLEAR,nrcb3,2,3,117573120,ok,C:\data\jwst_cal\mastDownload\JWST\jw02731001002_02105_00003_nrcb3\jw02731001002_02105_00003_nrcb3_cal.fits
jw02731001002_02105_00003_nrcb4,jw02731001002_02105_00003_nrcb4_cal.fits,CAL,F200W,CLEAR,nrcb4,2,3,117573120,ok,C:\data\jwst_cal\mastDownload\JWST\jw02731001002_02105_00003_nrcb4\jw02731001002_02105_00003_nrcb4_cal.fits
jw02731001002_02105_00004_nrca1,jw02731001002_02105_00004_nrca1_cal.fits,CAL,F200W,CLEAR,nrca1,2,4,117570240,ok,C:\data\jwst_cal\mastDownload\JWST\jw02731001002_02105_00004_nrca1\jw02731001002_02105_00004_nrca1_cal.fits
jw02731001002_02105_00004_nrca2,jw02731001002_02105_00004_nrca2_cal.fits,CAL,F200W,CLEAR,nrca2,2,4,117570240,ok,C:\data\jwst_cal\mastDownload\JWST\jw02731001002_02105_00004_nrca2\jw02731001002_02105_00004_nrca2_cal.fits
jw02731001002_02105_00004_nrca3,jw02731001002_02105_00004_nrca3_cal.fits,CAL,F200W,CLEAR,nrca3,2,4,117573120,ok,C:\data\jwst_cal\mastDownload\JWST\jw02731001002_02105_00004_nrca3\jw02731001002_02105_00004_nrca3_cal.fits
jw02731001002_02105_00004_nrca4,jw02731001002_02105_00004_nrca4_cal.fits,CAL,F200W,CLEAR,nrca4,2,4,117573120,ok,C:\data\jwst_cal\mastDownload\JWST\jw02731001002_02105_00004_nrca4\jw02731001002_02105_00004_nrca4_cal.fits
jw02731001002_02105_00004_nrcb1,jw02731001002_02105_00004_nrcb1_cal.fits,CAL,F200W,CLEAR,nrcb1,2,4,117573120,ok,C:\data\jwst_cal\mastDownload\JWST\jw02731001002_02105_00004_nrcb1\jw02731001002_02105_00004_nrcb1_cal.fits
jw02731001002_02105_00004_nrcb2,jw02731001002_02105_00004_nrcb2_cal.fits,CAL,F200W,CLEAR,nrcb2,2,4,117573120,ok,C:\data\jwst_cal\mastDownload\JWST\jw02731001002_02105_00004_nrcb2\jw02731001002_02105_00004_nrcb2_cal.fits
jw02731001002_02105_00004_nrcb3,jw02731001002_02105_00004_nrcb3_cal.fits,CAL,F200W,CLEAR,nrcb3,2,4,117573120,ok,C:\data\jwst_cal\mastDownload\JWST\jw02731001002_02105_00004_nrcb3\jw02731001002_02105_00004_nrcb3_cal.fits
jw02731001002_02105_00004_nrcb4,jw02731001002_02105_00004_nrcb4_cal.fits,CAL,F200W,CLEAR,nrcb4,2,4,117573120,ok,C:\data\jwst_cal\mastDownload\JWST\jw02731001002_02105_00004_nrcb4\jw02731001002_02105_00004_nrcb4_cal.fits
jw02731001002_02105_00005_nrca1,jw02731001002_02105_00005_nrca1_cal.fits,CAL,F200W,CLEAR,nrca1,2,5,117570240,ok,C:\data\jwst_cal\mastDownload\JWST\jw02731001002_02105_00005_nrca1\jw02731001002_02105_00005_nrca1_cal.fits
jw02731001002_02105_00005_nrca2,jw02731001002_02105_00005_nrca2_cal.fits,CAL,F200W,CLEAR,nrca2,2,5,117570240,ok,C:\data\jwst_cal\mastDownload\JWST\jw02731001002_02105_00005_nrca2\jw02731001002_02105_00005_nrca2_cal.fits
jw02731001002_02105_00005_nrca3,jw02731001002_02105_00005_nrca3_cal.fits,CAL,F200W,CLEAR,nrca3,2,5,117573120,ok,C:\data\jwst_cal\mastDownload\JWST\jw02731001002_02105_00005_nrca3\jw02731001002_02105_00005_nrca3_cal.fits
jw02731001002_02105_00005_nrca4,jw02731001002_02105_00005_nrca4_cal.fits,CAL,F200W,CLEAR,nrca4,2,5,117573120,ok,C:\data\jwst_cal\mastDownload\JWST\jw02731001002_02105_00005_nrca4\jw02731001002_02105_00005_nrca4_cal.fits
jw02731001002_02105_00005_nrcb1,jw02731001002_02105_00005_nrcb1_cal.fits,CAL,F200W,CLEAR,nrcb1,2,5,117573120,ok,C:\data\jwst_cal\mastDownload\JWST\jw02731001002_02105_00005_nrcb1\jw02731001002_02105_00005_nrcb1_cal.fits
jw02731001002_02105_00005_nrcb2,jw02731001002_02105_00005_nrcb2_cal.fits,CAL,F200W,CLEAR,nrcb2,2,5,117573120,ok,C:\data\jwst_cal\mastDownload\JWST\jw02731001002_02105_00005_nrcb2\jw02731001002_02105_00005_nrcb2_cal.fits
jw02731001002_02105_00005_nrcb3,jw02731001002_02105_00005_nrcb3_cal.fits,CAL,F200W,CLEAR,nrcb3,2,5,117573120,ok,C:\data\jwst_cal\mastDownload\JWST\jw02731001002_02105_00005_nrcb3\jw02731001002_02105_00005_nrcb3_cal.fits
jw02731001002_02105_00005_nrcb4,jw02731001002_02105_00005_nrcb4_cal.fits,CAL,F200W,CLEAR,nrcb4,2,5,117573120,ok,C:\data\jwst_cal\mastDownload\JWST\jw02731001002_02105_00005_nrcb4\jw02731001002_02105_00005_nrcb4_cal.fits
jw02731001003_02101_00001_nrca1,jw02731001003_02101_00001_nrca1_cal.fits,CAL,F187N,CLEAR,nrca1,3,1,117573120,ok,C:\data\jwst_cal\mastDownload\JWST\jw02731001003_02101_00001_nrca1\jw02731001003_02101_00001_nrca1_cal.fits
jw02731001003_02101_00001_nrca2,jw02731001003_02101_00001_nrca2_cal.fits,CAL,F187N,CLEAR,nrca2,3,1,117573120,ok,C:\data\jwst_cal\mastDownload\JWST\jw02731001003_02101_00001_nrca2\jw02731001003_02101_00001_nrca2_cal.fits
jw02731001003_02101_00001_nrca3,jw02731001003_02101_00001_nrca3_cal.fits,CAL,F187N,CLEAR,nrca3,3,1,117573120,ok,C:\data\jwst_cal\mastDownload\JWST\jw02731001003_02101_00001_nrca3\jw02731001003_02101_00001_nrca3_cal.fits
jw02731001003_02101_00001_nrca4,jw02731001003_02101_00001_nrca4_cal.fits,CAL,F187N,CLEAR,nrca4,3,1,117573120,ok,C:\data\jwst_cal\mastDownload\JWST\jw02731001003_02101_00001_nrca4\jw02731001003_02101_00001_nrca4_cal.fits
jw02731001003_02101_00001_nrcb1,jw02731001003_02101_00001_nrcb1_cal.fits,CAL,F187N,CLEAR,nrcb1,3,1,117573120,ok,C:\data\jwst_cal\mastDownload\JWST\jw02731001003_02101_00001_nrcb1\jw02731001003_02101_00001_nrcb1_cal.fits
jw02731001003_02101_00001_nrcb2,jw02731001003_02101_00001_nrcb2_cal.fits,CAL,F187N,CLEAR,nrcb2,3,1,117573120,ok,C:\data\jwst_cal\mastDownload\JWST\jw02731001003_02101_00001_nrcb2\jw02731001003_02101_00001_nrcb2_cal.fits
jw02731001003_02101_00001_nrcb3,jw02731001003_02101_00001_nrcb3_cal.fits,CAL,F187N,CLEAR,nrcb3,3,1,117573120,ok,C:\data\jwst_cal\mastDownload\JWST\jw02731001003_02101_00001_nrcb3\jw02731001003_02101_00001_nrcb3_cal.fits
jw02731001003_02101_00001_nrcb4,jw02731001003_02101_00001_nrcb4_cal.fits,CAL,F187N,CLEAR,nrcb4,3,1,117573120,ok,C:\data\jwst_cal\mastDownload\JWST\jw02731001003_02101_00001_nrcb4\jw02731001003_02101_00001_nrcb4_cal.fits
jw02731001003_02101_00002_nrca1,jw02731001003_02101_00002_nrca1_cal.fits,CAL,F187N,CLEAR,nrca1,3,2,117573120,ok,C:\data\jwst_cal\mastDownload\JWST\jw02731001003_02101_00002_nrca1\jw02731001003_02101_00002_nrca1_cal.fits
jw02731001003_02101_00002_nrca2,jw02731001003_02101_00002_nrca2_cal.fits,CAL,F187N,CLEAR,nrca2,3,2,117573120,ok,C:\data\jwst_cal\mastDownload\JWST\jw02731001003_02101_00002_nrca2\jw02731001003_02101_00002_nrca2_cal.fits
jw02731001003_02101_00002_nrca3,jw02731001003_02101_00002_nrca3_cal.fits,CAL,F187N,CLEAR,nrca3,3,2,117573120,ok,C:\data\jwst_cal\mastDownload\JWST\jw02731001003_02101_00002_nrca3\jw02731001003_02101_00002_nrca3_cal.fits
jw02731001003_02101_00002_nrca4,jw02731001003_02101_00002_nrca4_cal.fits,CAL,F187N,CLEAR,nrca4,3,2,117573120,ok,C:\data\jwst_cal\mastDownload\JWST\jw02731001003_02101_00002_nrca4\jw02731001003_02101_00002_nrca4_cal.fits
jw02731001003_02101_00002_nrcb1,jw02731001003_02101_00002_nrcb1_cal.fits,CAL,F187N,CLEAR,nrcb1,3,2,117573120,ok,C:\data\jwst_cal\mastDownload\JWST\jw02731001003_02101_00002_nrcb1\jw02731001003_02101_00002_nrcb1_cal.fits
jw02731001003_02101_00002_nrcb2,jw02731001003_02101_00002_nrcb2_cal.fits,CAL,F187N,CLEAR,nrcb2,3,2,117573120,ok,C:\data\jwst_cal\mastDownload\JWST\jw02731001003_02101_00002_nrcb2\jw02731001003_02101_00002_nrcb2_cal.fits
jw02731001003_02101_00002_nrcb3,jw02731001003_02101_00002_nrcb3_cal.fits,CAL,F187N,CLEAR,nrcb3,3,2,117573120,ok,C:\data\jwst_cal\mastDownload\JWST\jw02731001003_02101_00002_nrcb3\jw02731001003_02101_00002_nrcb3_cal.fits
jw02731001003_02101_00002_nrcb4,jw02731001003_02101_00002_nrcb4_cal.fits,CAL,F187N,CLEAR,nrcb4,3,2,117573120,ok,C:\data\jwst_cal\mastDownload\JWST\jw02731001003_02101_00002_nrcb4\jw02731001003_02101_00002_nrcb4_cal.fits
jw02731001003_02101_00003_nrca1,jw02731001003_02101_00003_nrca1_cal.fits,CAL,F187N,CLEAR,nrca1,3,3,117573120,ok,C:\data\jwst_cal\mastDownload\JWST\jw02731001003_02101_00003_nrca1\jw02731001003_02101_00003_nrca1_cal.fits
jw02731001003_02101_00003_nrca2,jw02731001003_02101_00003_nrca2_cal.fits,CAL,F187N,CLEAR,nrca2,3,3,117573120,ok,C:\data\jwst_cal\mastDownload\JWST\jw02731001003_02101_00003_nrca2\jw02731001003_02101_00003_nrca2_cal.fits
jw02731001003_02101_00003_nrca3,jw02731001003_02101_00003_nrca3_cal.fits,CAL,F187N,CLEAR,nrca3,3,3,117573120,ok,C:\data\jwst_cal\mastDownload\JWST\jw02731001003_02101_00003_nrca3\jw02731001003_02101_00003_nrca3_cal.fits
jw02731001003_02101_00003_nrca4,jw02731001003_02101_00003_nrca4_cal.fits,CAL,F187N,CLEAR,nrca4,3,3,117573120,ok,C:\data\jwst_cal\mastDownload\JWST\jw02731001003_02101_00003_nrca4\jw02731001003_02101_00003_nrca4_cal.fits
jw02731001003_02101_00003_nrcb1,jw02731001003_02101_00003_nrcb1_cal.fits,CAL,F187N,CLEAR,nrcb1,3,3,117573120,ok,C:\data\jwst_cal\mastDownload\JWST\jw02731001003_02101_00003_nrcb1\jw02731001003_02101_00003_nrcb1_cal.fits
jw02731001003_02101_00003_nrcb2,jw02731001003_02101_00003_nrcb2_cal.fits,CAL,F187N,CLEAR,nrcb2,3,3,117573120,ok,C:\data\jwst_cal\mastDownload\JWST\jw02731001003_02101_00003_nrcb2\jw02731001003_02101_00003_nrcb2_cal.fits
jw02731001003_02101_00003_nrcb3,jw02731001003_02101_00003_nrcb3_cal.fits,CAL,F187N,CLEAR,nrcb3,3,3,117573120,ok,C:\data\jwst_cal\mastDownload\JWST\jw02731001003_02101_00003_nrcb3\jw02731001003_02101_00003_nrcb3_cal.fits
jw02731001003_02101_00003_nrcb4,jw02731001003_02101_00003_nrcb4_cal.fits,CAL,F187N,CLEAR,nrcb4,3,3,117573120,ok,C:\data\jwst_cal\mastDownload\JWST\jw02731001003_02101_00003_nrcb4\jw02731001003_02101_00003_nrcb4_cal.fits
jw02731001003_02101_00004_nrca1,jw02731001003_02101_00004_nrca1_cal.fits,CAL,F187N,CLEAR,nrca1,3,4,117573120,ok,C:\data\jwst_cal\mastDownload\JWST\jw02731001003_02101_00004_nrca1\jw02731001003_02101_00004_nrca1_cal.fits
jw02731001003_02101_00004_nrca2,jw02731001003_02101_00004_nrca2_cal.fits,CAL,F187N,CLEAR,nrca2,3,4,117573120,ok,C:\data\jwst_cal\mastDownload\JWST\jw02731001003_02101_00004_nrca2\jw02731001003_02101_00004_nrca2_cal.fits
jw02731001003_02101_00004_nrca3,jw02731001003_02101_00004_nrca3_cal.fits,CAL,F187N,CLEAR,nrca3,3,4,117573120,ok,C:\data\jwst_cal\mastDownload\JWST\jw02731001003_02101_00004_nrca3\jw02731001003_02101_00004_nrca3_cal.fits
jw02731001003_02101_00004_nrca4,jw02731001003_02101_00004_nrca4_cal.fits,CAL,F187N,CLEAR,nrca4,3,4,117573120,ok,C:\data\jwst_cal\mastDownload\JWST\jw02731001003_02101_00004_nrca4\jw02731001003_02101_00004_nrca4_cal.fits
jw02731001003_02101_00004_nrcb1,jw02731001003_02101_00004_nrcb1_cal.fits,CAL,F187N,CLEAR,nrcb1,3,4,117573120,ok,C:\data\jwst_cal\mastDownload\JWST\jw02731001003_02101_00004_nrcb1\jw02731001003_02101_00004_nrcb1_cal.fits
jw02731001003_02101_00004_nrcb2,jw02731001003_02101_00004_nrcb2_cal.fits,CAL,F187N,CLEAR,nrcb2,3,4,117573120,ok,C:\data\jwst_cal\mastDownload\JWST\jw02731001003_02101_00004_nrcb2\jw02731001003_02101_00004_nrcb2_cal.fits
jw02731001003_02101_00004_nrcb3,jw02731001003_02101_00004_nrcb3_cal.fits,CAL,F187N,CLEAR,nrcb3,3,4,117573120,ok,C:\data\jwst_cal\mastDownload\JWST\jw02731001003_02101_00004_nrcb3\jw02731001003_02101_00004_nrcb3_cal.fits
jw02731001003_02101_00004_nrcb4,jw02731001003_02101_00004_nrcb4_cal.fits,CAL,F187N,CLEAR,nrcb4,3,4,117573120,ok,C:\data\jwst_cal\mastDownload\JWST\jw02731001003_02101_00004_nrcb4\jw02731001003_02101_00004_nrcb4_cal.fits
jw02731001003_02101_00005_nrca1,jw02731001003_02101_00005_nrca1_cal.fits,CAL,F187N,CLEAR,nrca1,3,5,117573120,ok,C:\data\jwst_cal\mastDownload\JWST\jw02731001003_02101_00005_nrca1\jw02731001003_02101_00005_nrca1_cal.fits
jw02731001003_02101_00005_nrca2,jw02731001003_02101_00005_nrca2_cal.fits,CAL,F187N,CLEAR,nrca2,3,5,117573120,ok,C:\data\jwst_cal\mastDownload\JWST\jw02731001003_02101_00005_nrca2\jw02731001003_02101_00005_nrca2_cal.fits
jw02731001003_02101_00005_nrca3,jw02731001003_02101_00005_nrca3_cal.fits,CAL,F187N,CLEAR,nrca3,3,5,117573120,ok,C:\data\jwst_cal\mastDownload\JWST\jw02731001003_02101_00005_nrca3\jw02731001003_02101_00005_nrca3_cal.fits
jw02731001003_02101_00005_nrca4,jw02731001003_02101_00005_nrca4_cal.fits,CAL,F187N,CLEAR,nrca4,3,5,117573120,ok,C:\data\jwst_cal\mastDownload\JWST\jw02731001003_02101_00005_nrca4\jw02731001003_02101_00005_nrca4_cal.fits
jw02731001003_02101_00005_nrcb1,jw02731001003_02101_00005_nrcb1_cal.fits,CAL,F187N,CLEAR,nrcb1,3,5,117573120,ok,C:\data\jwst_cal\mastDownload\JWST\jw02731001003_02101_00005_nrcb1\jw02731001003_02101_00005_nrcb1_cal.fits
jw02731001003_02101_00005_nrcb2,jw02731001003_02101_00005_nrcb2_cal.fits,CAL,F187N,CLEAR,nrcb2,3,5,117573120,ok,C:\data\jwst_cal\mastDownload\JWST\jw02731001003_02101_00005_nrcb2\jw02731001003_02101_00005_nrcb2_cal.fits
jw02731001003_02101_00005_nrcb3,jw02731001003_02101_00005_nrcb3_cal.fits,CAL,F187N,CLEAR,nrcb3,3,5,117573120,ok,C:\data\jwst_cal\mastDownload\JWST\jw02731001003_02101_00005_nrcb3\jw02731001003_02101_00005_nrcb3_cal.fits
jw02731001003_02101_00005_nrcb4,jw02731001003_02101_00005_nrcb4_cal.fits,CAL,F187N,CLEAR,nrcb4,3,5,117573120,ok,C:\data\jwst_cal\mastDownload\JWST\jw02731001003_02101_00005_nrcb4\jw02731001003_02101_00005_nrcb4_cal.fits
jw02731001003_02103_00001_nrca1,jw02731001003_02103_00001_nrca1_cal.fits,CAL,F090W,CLEAR,nrca1,3,1,117573120,ok,C:\data\jwst_cal\mastDownload\JWST\jw02731001003_02103_00001_nrca1\jw02731001003_02103_00001_nrca1_cal.fits
jw02731001003_02103_00001_nrca2,jw02731001003_02103_00001_nrca2_cal.fits,CAL,F090W,CLEAR,nrca2,3,1,117573120,ok,C:\data\jwst_cal\mastDownload\JWST\jw02731001003_02103_00001_nrca2\jw02731001003_02103_00001_nrca2_cal.fits
jw02731001003_02103_00001_nrca3,jw02731001003_02103_00001_nrca3_cal.fits,CAL,F090W,CLEAR,nrca3,3,1,117573120,ok,C:\data\jwst_cal\mastDownload\JWST\jw02731001003_02103_00001_nrca3\jw02731001003_02103_00001_nrca3_cal.fits
jw02731001003_02103_00001_nrca4,jw02731001003_02103_00001_nrca4_cal.fits,CAL,F090W,CLEAR,nrca4,3,1,117573120,ok,C:\data\jwst_cal\mastDownload\JWST\jw02731001003_02103_00001_nrca4\jw02731001003_02103_00001_nrca4_cal.fits
jw02731001003_02103_00001_nrcalong,jw02731001003_02103_00001_nrcalong_cal.fits,CAL,F335M,CLEAR,nrcalong,3,1,117573120,ok,C:\data\jwst_cal\mastDownload\JWST\jw02731001003_02103_00001_nrcalong\jw02731001003_02103_00001_nrcalong_cal.fits
jw02731001003_02103_00001_nrcb1,jw02731001003_02103_00001_nrcb1_cal.fits,CAL,F090W,CLEAR,nrcb1,3,1,117573120,ok,C:\data\jwst_cal\mastDownload\JWST\jw02731001003_02103_00001_nrcb1\jw02731001003_02103_00001_nrcb1_cal.fits
jw02731001003_02103_00001_nrcb2,jw02731001003_02103_00001_nrcb2_cal.fits,CAL,F090W,CLEAR,nrcb2,3,1,117573120,ok,C:\data\jwst_cal\mastDownload\JWST\jw02731001003_02103_00001_nrcb2\jw02731001003_02103_00001_nrcb2_cal.fits
jw02731001003_02103_00001_nrcb3,jw02731001003_02103_00001_nrcb3_cal.fits,CAL,F090W,CLEAR,nrcb3,3,1,117573120,ok,C:\data\jwst_cal\mastDownload\JWST\jw02731001003_02103_00001_nrcb3\jw02731001003_02103_00001_nrcb3_cal.fits
jw02731001003_02103_00001_nrcb4,jw02731001003_02103_00001_nrcb4_cal.fits,CAL,F090W,CLEAR,nrcb4,3,1,117573120,ok,C:\data\jwst_cal\mastDownload\JWST\jw02731001003_02103_00001_nrcb4\jw02731001003_02103_00001_nrcb4_cal.fits
jw02731001003_02103_00001_nrcblong,jw02731001003_02103_00001_nrcblong_cal.fits,CAL,F335M,CLEAR,nrcblong,3,1,117573120,ok,C:\data\jwst_cal\mastDownload\JWST\jw02731001003_02103_00001_nrcblong\jw02731001003_02103_00001_nrcblong_cal.fits
jw02731001003_02103_00002_nrca1,jw02731001003_02103_00002_nrca1_cal.fits,CAL,F090W,CLEAR,nrca1,3,2,117573120,ok,C:\data\jwst_cal\mastDownload\JWST\jw02731001003_02103_00002_nrca1\jw02731001003_02103_00002_nrca1_cal.fits
jw02731001003_02103_00002_nrca2,jw02731001003_02103_00002_nrca2_cal.fits,CAL,F090W,CLEAR,nrca2,3,2,117573120,ok,C:\data\jwst_cal\mastDownload\JWST\jw02731001003_02103_00002_nrca2\jw02731001003_02103_00002_nrca2_cal.fits
jw02731001003_02103_00002_nrca3,jw02731001003_02103_00002_nrca3_cal.fits,CAL,F090W,CLEAR,nrca3,3,2,117573120,ok,C:\data\jwst_cal\mastDownload\JWST\jw02731001003_02103_00002_nrca3\jw02731001003_02103_00002_nrca3_cal.fits
jw02731001003_02103_00002_nrca4,jw02731001003_02103_00002_nrca4_cal.fits,CAL,F090W,CLEAR,nrca4,3,2,117573120,ok,C:\data\jwst_cal\mastDownload\JWST\jw02731001003_02103_00002_nrca4\jw02731001003_02103_00002_nrca4_cal.fits
jw02731001003_02103_00002_nrcalong,jw02731001003_02103_00002_nrcalong_cal.fits,CAL,F335M,CLEAR,nrcalong,3,2,117573120,ok,C:\data\jwst_cal\mastDownload\JWST\jw02731001003_02103_00002_nrcalong\jw02731001003_02103_00002_nrcalong_cal.fits
jw02731001003_02103_00002_nrcb1,jw02731001003_02103_00002_nrcb1_cal.fits,CAL,F090W,CLEAR,nrcb1,3,2,117573120,ok,C:\data\jwst_cal\mastDownload\JWST\jw02731001003_02103_00002_nrcb1\jw02731001003_02103_00002_nrcb1_cal.fits
jw02731001003_02103_00002_nrcb2,jw02731001003_02103_00002_nrcb2_cal.fits,CAL,F090W,CLEAR,nrcb2,3,2,117573120,ok,C:\data\jwst_cal\mastDownload\JWST\jw02731001003_02103_00002_nrcb2\jw02731001003_02103_00002_nrcb2_cal.fits
jw02731001003_02103_00002_nrcb3,jw02731001003_02103_00002_nrcb3_cal.fits,CAL,F090W,CLEAR,nrcb3,3,2,117573120,ok,C:\data\jwst_cal\mastDownload\JWST\jw02731001003_02103_00002_nrcb3\jw02731001003_02103_00002_nrcb3_cal.fits
jw02731001003_02103_00002_nrcb4,jw02731001003_02103_00002_nrcb4_cal.fits,CAL,F090W,CLEAR,nrcb4,3,2,117573120,ok,C:\data\jwst_cal\mastDownload\JWST\jw02731001003_02103_00002_nrcb4\jw02731001003_02103_00002_nrcb4_cal.fits
jw02731001003_02103_00002_nrcblong,jw02731001003_02103_00002_nrcblong_cal.fits,CAL,F335M,CLEAR,nrcblong,3,2,117573120,ok,C:\data\jwst_cal\mastDownload\JWST\jw02731001003_02103_00002_nrcblong\jw02731001003_02103_00002_nrcblong_cal.fits
jw02731001003_02103_00003_nrca1,jw02731001003_02103_00003_nrca1_cal.fits,CAL,F090W,CLEAR,nrca1,3,3,117573120,ok,C:\data\jwst_cal\mastDownload\JWST\jw02731001003_02103_00003_nrca1\jw02731001003_02103_00003_nrca1_cal.fits
jw02731001003_02103_00003_nrca2,jw02731001003_02103_00003_nrca2_cal.fits,CAL,F090W,CLEAR,nrca2,3,3,117573120,ok,C:\data\jwst_cal\mastDownload\JWST\jw02731001003_02103_00003_nrca2\jw02731001003_02103_00003_nrca2_cal.fits
jw02731001003_02103_00003_nrca3,jw02731001003_02103_00003_nrca3_cal.fits,CAL,F090W,CLEAR,nrca3,3,3,117573120,ok,C:\data\jwst_cal\mastDownload\JWST\jw02731001003_02103_00003_nrca3\jw02731001003_02103_00003_nrca3_cal.fits
jw02731001003_02103_00003_nrca4,jw02731001003_02103_00003_nrca4_cal.fits,CAL,F090W,CLEAR,nrca4,3,3,117573120,ok,C:\data\jwst_cal\mastDownload\JWST\jw02731001003_02103_00003_nrca4\jw02731001003_02103_00003_nrca4_cal.fits
jw02731001003_02103_00003_nrcalong,jw02731001003_02103_00003_nrcalong_cal.fits,CAL,F335M,CLEAR,nrcalong,3,3,117573120,ok,C:\data\jwst_cal\mastDownload\JWST\jw02731001003_02103_00003_nrcalong\jw02731001003_02103_00003_nrcalong_cal.fits
jw02731001003_02103_00003_nrcb1,jw02731001003_02103_00003_nrcb1_cal.fits,CAL,F090W,CLEAR,nrcb1,3,3,117573120,ok,C:\data\jwst_cal\mastDownload\JWST\jw02731001003_02103_00003_nrcb1\jw02731001003_02103_00003_nrcb1_cal.fits
jw02731001003_02103_00003_nrcb2,jw02731001003_02103_00003_nrcb2_cal.fits,CAL,F090W,CLEAR,nrcb2,3,3,117573120,ok,C:\data\jwst_cal\mastDownload\JWST\jw02731001003_02103_00003_nrcb2\jw02731001003_02103_00003_nrcb2_cal.fits
jw02731001003_02103_00003_nrcb3,jw02731001003_02103_00003_nrcb3_cal.fits,CAL,F090W,CLEAR,nrcb3,3,3,117573120,ok,C:\data\jwst_cal\mastDownload\JWST\jw02731001003_02103_00003_nrcb3\jw02731001003_02103_00003_nrcb3_cal.fits
jw02731001003_02103_00003_nrcb4,jw02731001003_02103_00003_nrcb4_cal.fits,CAL,F090W,CLEAR,nrcb4,3,3,117573120,ok,C:\data\jwst_cal\mastDownload\JWST\jw02731001003_02103_00003_nrcb4\jw02731001003_02103_00003_nrcb4_cal.fits
jw02731001003_02103_00003_nrcblong,jw02731001003_02103_00003_nrcblong_cal.fits,CAL,F335M,CLEAR,nrcblong,3,3,117573120,ok,C:\data\jwst_cal\mastDownload\JWST\jw02731001003_02103_00003_nrcblong\jw02731001003_02103_00003_nrcblong_cal.fits
jw02731001003_02103_00004_nrca1,jw02731001003_02103_00004_nrca1_cal.fits,CAL,F090W,CLEAR,nrca1,3,4,117573120,ok,C:\data\jwst_cal\mastDownload\JWST\jw02731001003_02103_00004_nrca1\jw02731001003_02103_00004_nrca1_cal.fits
jw02731001003_02103_00004_nrca2,jw02731001003_02103_00004_nrca2_cal.fits,CAL,F090W,CLEAR,nrca2,3,4,117573120,ok,C:\data\jwst_cal\mastDownload\JWST\jw02731001003_02103_00004_nrca2\jw02731001003_02103_00004_nrca2_cal.fits
jw02731001003_02103_00004_nrca3,jw02731001003_02103_00004_nrca3_cal.fits,CAL,F090W,CLEAR,nrca3,3,4,117573120,ok,C:\data\jwst_cal\mastDownload\JWST\jw02731001003_02103_00004_nrca3\jw02731001003_02103_00004_nrca3_cal.fits
jw02731001003_02103_00004_nrca4,jw02731001003_02103_00004_nrca4_cal.fits,CAL,F090W,CLEAR,nrca4,3,4,117573120,ok,C:\data\jwst_cal\mastDownload\JWST\jw02731001003_02103_00004_nrca4\jw02731001003_02103_00004_nrca4_cal.fits
jw02731001003_02103_00004_nrcalong,jw02731001003_02103_00004_nrcalong_cal.fits,CAL,F335M,CLEAR,nrcalong,3,4,117573120,ok,C:\data\jwst_cal\mastDownload\JWST\jw02731001003_02103_00004_nrcalong\jw02731001003_02103_00004_nrcalong_cal.fits
jw02731001003_02103_00004_nrcb1,jw02731001003_02103_00004_nrcb1_cal.fits,CAL,F090W,CLEAR,nrcb1,3,4,117573120,ok,C:\data\jwst_cal\mastDownload\JWST\jw02731001003_02103_00004_nrcb1\jw02731001003_02103_00004_nrcb1_cal.fits
jw02731001003_02103_00004_nrcb2,jw02731001003_02103_00004_nrcb2_cal.fits,CAL,F090W,CLEAR,nrcb2,3,4,117573120,ok,C:\data\jwst_cal\mastDownload\JWST\jw02731001003_02103_00004_nrcb2\jw02731001003_02103_00004_nrcb2_cal.fits
jw02731001003_02103_00004_nrcb3,jw02731001003_02103_00004_nrcb3_cal.fits,CAL,F090W,CLEAR,nrcb3,3,4,117573120,ok,C:\data\jwst_cal\mastDownload\JWST\jw02731001003_02103_00004_nrcb3\jw02731001003_02103_00004_nrcb3_cal.fits
jw02731001003_02103_00004_nrcb4,jw02731001003_02103_00004_nrcb4_cal.fits,CAL,F090W,CLEAR,nrcb4,3,4,117573120,ok,C:\data\jwst_cal\mastDownload\JWST\jw02731001003_02103_00004_nrcb4\jw02731001003_02103_00004_nrcb4_cal.fits
jw02731001003_02103_00004_nrcblong,jw02731001003_02103_00004_nrcblong_cal.fits,CAL,F335M,CLEAR,nrcblong,3,4,117573120,ok,C:\data\jwst_cal\mastDownload\JWST\jw02731001003_02103_00004_nrcblong\jw02731001003_02103_00004_nrcblong_cal.fits
jw02731001003_02103_00005_nrca1,jw02731001003_02103_00005_nrca1_cal.fits,CAL,F090W,CLEAR,nrca1,3,5,117573120,ok,C:\data\jwst_cal\mastDownload\JWST\jw02731001003_02103_00005_nrca1\jw02731001003_02103_00005_nrca1_cal.fits
jw02731001003_02103_00005_nrca2,jw02731001003_02103_00005_nrca2_cal.fits,CAL,F090W,CLEAR,nrca2,3,5,117573120,ok,C:\data\jwst_cal\mastDownload\JWST\jw02731001003_02103_00005_nrca2\jw02731001003_02103_00005_nrca2_cal.fits
jw02731001003_02103_00005_nrca3,jw02731001003_02103_00005_nrca3_cal.fits,CAL,F090W,CLEAR,nrca3,3,5,117573120,ok,C:\data\jwst_cal\mastDownload\JWST\jw02731001003_02103_00005_nrca3\jw02731001003_02103_00005_nrca3_cal.fits
jw02731001003_02103_00005_nrca4,jw02731001003_02103_00005_nrca4_cal.fits,CAL,F090W,CLEAR,nrca4,3,5,117573120,ok,C:\data\jwst_cal\mastDownload\JWST\jw02731001003_02103_00005_nrca4\jw02731001003_02103_00005_nrca4_cal.fits
jw02731001003_02103_00005_nrcalong,jw02731001003_02103_00005_nrcalong_cal.fits,CAL,F335M,CLEAR,nrcalong,3,5,117573120,ok,C:\data\jwst_cal\mastDownload\JWST\jw02731001003_02103_00005_nrcalong\jw02731001003_02103_00005_nrcalong_cal.fits
jw02731001003_02103_00005_nrcb1,jw02731001003_02103_00005_nrcb1_cal.fits,CAL,F090W,CLEAR,nrcb1,3,5,117573120,ok,C:\data\jwst_cal\mastDownload\JWST\jw02731001003_02103_00005_nrcb1\jw02731001003_02103_00005_nrcb1_cal.fits
jw02731001003_02103_00005_nrcb2,jw02731001003_02103_00005_nrcb2_cal.fits,CAL,F090W,CLEAR,nrcb2,3,5,117573120,ok,C:\data\jwst_cal\mastDownload\JWST\jw02731001003_02103_00005_nrcb2\jw02731001003_02103_00005_nrcb2_cal.fits
jw02731001003_02103_00005_nrcb3,jw02731001003_02103_00005_nrcb3_cal.fits,CAL,F090W,CLEAR,nrcb3,3,5,117573120,ok,C:\data\jwst_cal\mastDownload\JWST\jw02731001003_02103_00005_nrcb3\jw02731001003_02103_00005_nrcb3_cal.fits
jw02731001003_02103_00005_nrcb4,jw02731001003_02103_00005_nrcb4_cal.fits,CAL,F090W,CLEAR,nrcb4,3,5,117573120,ok,C:\data\jwst_cal\mastDownload\JWST\jw02731001003_02103_00005_nrcb4\jw02731001003_02103_00005_nrcb4_cal.fits
jw02731001003_02103_00005_nrcblong,jw02731001003_02103_00005_nrcblong_cal.fits,CAL,F335M,CLEAR,nrcblong,3,5,117573120,ok,C:\data\jwst_cal\mastDownload\JWST\jw02731001003_02103_00005_nrcblong\jw02731001003_02103_00005_nrcblong_cal.fits
jw02731001003_02105_00001_nrca1,jw02731001003_02105_00001_nrca1_cal.fits,CAL,F200W,CLEAR,nrca1,3,1,117570240,ok,C:\data\jwst_cal\mastDownload\JWST\jw02731001003_02105_00001_nrca1\jw02731001003_02105_00001_nrca1_cal.fits
jw02731001003_02105_00001_nrca2,jw02731001003_02105_00001_nrca2_cal.fits,CAL,F200W,CLEAR,nrca2,3,1,117570240,ok,C:\data\jwst_cal\mastDownload\JWST\jw02731001003_02105_00001_nrca2\jw02731001003_02105_00001_nrca2_cal.fits
jw02731001003_02105_00001_nrca3,jw02731001003_02105_00001_nrca3_cal.fits,CAL,F200W,CLEAR,nrca3,3,1,117573120,ok,C:\data\jwst_cal\mastDownload\JWST\jw02731001003_02105_00001_nrca3\jw02731001003_02105_00001_nrca3_cal.fits
jw02731001003_02105_00001_nrca4,jw02731001003_02105_00001_nrca4_cal.fits,CAL,F200W,CLEAR,nrca4,3,1,117573120,ok,C:\data\jwst_cal\mastDownload\JWST\jw02731001003_02105_00001_nrca4\jw02731001003_02105_00001_nrca4_cal.fits
jw02731001003_02105_00001_nrcb1,jw02731001003_02105_00001_nrcb1_cal.fits,CAL,F200W,CLEAR,nrcb1,3,1,117573120,ok,C:\data\jwst_cal\mastDownload\JWST\jw02731001003_02105_00001_nrcb1\jw02731001003_02105_00001_nrcb1_cal.fits
jw02731001003_02105_00001_nrcb2,jw02731001003_02105_00001_nrcb2_cal.fits,CAL,F200W,CLEAR,nrcb2,3,1,117573120,ok,C:\data\jwst_cal\mastDownload\JWST\jw02731001003_02105_00001_nrcb2\jw02731001003_02105_00001_nrcb2_cal.fits
jw02731001003_02105_00001_nrcb3,jw02731001003_02105_00001_nrcb3_cal.fits,CAL,F200W,CLEAR,nrcb3,3,1,117573120,ok,C:\data\jwst_cal\mastDownload\JWST\jw02731001003_02105_00001_nrcb3\jw02731001003_02105_00001_nrcb3_cal.fits
jw02731001003_02105_00001_nrcb4,jw02731001003_02105_00001_nrcb4_cal.fits,CAL,F200W,CLEAR,nrcb4,3,1,117573120,ok,C:\data\jwst_cal\mastDownload\JWST\jw02731001003_02105_00001_nrcb4\jw02731001003_02105_00001_nrcb4_cal.fits
jw02731001003_02105_00002_nrca1,jw02731001003_02105_00002_nrca1_cal.fits,CAL,F200W,CLEAR,nrca1,3,2,117570240,ok,C:\data\jwst_cal\mastDownload\JWST\jw02731001003_02105_00002_nrca1\jw02731001003_02105_00002_nrca1_cal.fits
jw02731001003_02105_00002_nrca2,jw02731001003_02105_00002_nrca2_cal.fits,CAL,F200W,CLEAR,nrca2,3,2,117570240,ok,C:\data\jwst_cal\mastDownload\JWST\jw02731001003_02105_00002_nrca2\jw02731001003_02105_00002_nrca2_cal.fits
jw02731001003_02105_00002_nrca3,jw02731001003_02105_00002_nrca3_cal.fits,CAL,F200W,CLEAR,nrca3,3,2,117573120,ok,C:\data\jwst_cal\mastDownload\JWST\jw02731001003_02105_00002_nrca3\jw02731001003_02105_00002_nrca3_cal.fits
jw02731001003_02105_00002_nrca4,jw02731001003_02105_00002_nrca4_cal.fits,CAL,F200W,CLEAR,nrca4,3,2,117573120,ok,C:\data\jwst_cal\mastDownload\JWST\jw02731001003_02105_00002_nrca4\jw02731001003_02105_00002_nrca4_cal.fits
jw02731001003_02105_00002_nrcb1,jw02731001003_02105_00002_nrcb1_cal.fits,CAL,F200W,CLEAR,nrcb1,3,2,117573120,ok,C:\data\jwst_cal\mastDownload\JWST\jw02731001003_02105_00002_nrcb1\jw02731001003_02105_00002_nrcb1_cal.fits
jw02731001003_02105_00002_nrcb2,jw02731001003_02105_00002_nrcb2_cal.fits,CAL,F200W,CLEAR,nrcb2,3,2,117573120,ok,C:\data\jwst_cal\mastDownload\JWST\jw02731001003_02105_00002_nrcb2\jw02731001003_02105_00002_nrcb2_cal.fits
jw02731001003_02105_00002_nrcb3,jw02731001003_02105_00002_nrcb3_cal.fits,CAL,F200W,CLEAR,nrcb3,3,2,117573120,ok,C:\data\jwst_cal\mastDownload\JWST\jw02731001003_02105_00002_nrcb3\jw02731001003_02105_00002_nrcb3_cal.fits
jw02731001003_02105_00002_nrcb4,jw02731001003_02105_00002_nrcb4_cal.fits,CAL,F200W,CLEAR,nrcb4,3,2,117573120,ok,C:\data\jwst_cal\mastDownload\JWST\jw02731001003_02105_00002_nrcb4\jw02731001003_02105_00002_nrcb4_cal.fits
jw02731001003_02105_00003_nrca1,jw02731001003_02105_00003_nrca1_cal.fits,CAL,F200W,CLEAR,nrca1,3,3,117570240,ok,C:\data\jwst_cal\mastDownload\JWST\jw02731001003_02105_00003_nrca1\jw02731001003_02105_00003_nrca1_cal.fits
jw02731001003_02105_00003_nrca2,jw02731001003_02105_00003_nrca2_cal.fits,CAL,F200W,CLEAR,nrca2,3,3,117570240,ok,C:\data\jwst_cal\mastDownload\JWST\jw02731001003_02105_00003_nrca2\jw02731001003_02105_00003_nrca2_cal.fits
jw02731001003_02105_00003_nrca3,jw02731001003_02105_00003_nrca3_cal.fits,CAL,F200W,CLEAR,nrca3,3,3,117573120,ok,C:\data\jwst_cal\mastDownload\JWST\jw02731001003_02105_00003_nrca3\jw02731001003_02105_00003_nrca3_cal.fits
jw02731001003_02105_00003_nrca4,jw02731001003_02105_00003_nrca4_cal.fits,CAL,F200W,CLEAR,nrca4,3,3,117573120,ok,C:\data\jwst_cal\mastDownload\JWST\jw02731001003_02105_00003_nrca4\jw02731001003_02105_00003_nrca4_cal.fits
jw02731001003_02105_00003_nrcb1,jw02731001003_02105_00003_nrcb1_cal.fits,CAL,F200W,CLEAR,nrcb1,3,3,117573120,ok,C:\data\jwst_cal\mastDownload\JWST\jw02731001003_02105_00003_nrcb1\jw02731001003_02105_00003_nrcb1_cal.fits
jw02731001003_02105_00003_nrcb2,jw02731001003_02105_00003_nrcb2_cal.fits,CAL,F200W,CLEAR,nrcb2,3,3,117573120,ok,C:\data\jwst_cal\mastDownload\JWST\jw02731001003_02105_00003_nrcb2\jw02731001003_02105_00003_nrcb2_cal.fits
jw02731001003_02105_00003_nrcb3,jw02731001003_02105_00003_nrcb3_cal.fits,CAL,F200W,CLEAR,nrcb3,3,3,117573120,ok,C:\data\jwst_cal\mastDownload\JWST\jw02731001003_02105_00003_nrcb3\jw02731001003_02105_00003_nrcb3_cal.fits
jw02731001003_02105_00003_nrcb4,jw02731001003_02105_00003_nrcb4_cal.fits,CAL,F200W,CLEAR,nrcb4,3,3,117573120,ok,C:\data\jwst_cal\mastDownload\JWST\jw02731001003_02105_00003_nrcb4\jw02731001003_02105_00003_nrcb4_cal.fits
jw02731001003_02105_00004_nrca1,jw02731001003_02105_00004_nrca1_cal.fits,CAL,F200W,CLEAR,nrca1,3,4,117570240,ok,C:\data\jwst_cal\mastDownload\JWST\jw02731001003_02105_00004_nrca1\jw02731001003_02105_00004_nrca1_cal.fits
jw02731001003_02105_00004_nrca2,jw02731001003_02105_00004_nrca2_cal.fits,CAL,F200W,CLEAR,nrca2,3,4,117570240,ok,C:\data\jwst_cal\mastDownload\JWST\jw02731001003_02105_00004_nrca2\jw02731001003_02105_00004_nrca2_cal.fits
jw02731001003_02105_00004_nrca3,jw02731001003_02105_00004_nrca3_cal.fits,CAL,F200W,CLEAR,nrca3,3,4,117573120,ok,C:\data\jwst_cal\mastDownload\JWST\jw02731001003_02105_00004_nrca3\jw02731001003_02105_00004_nrca3_cal.fits
jw02731001003_02105_00004_nrca4,jw02731001003_02105_00004_nrca4_cal.fits,CAL,F200W,CLEAR,nrca4,3,4,117573120,ok,C:\data\jwst_cal\mastDownload\JWST\jw02731001003_02105_00004_nrca4\jw02731001003_02105_00004_nrca4_cal.fits
jw02731001003_02105_00004_nrcb1,jw02731001003_02105_00004_nrcb1_cal.fits,CAL,F200W,CLEAR,nrcb1,3,4,117573120,ok,C:\data\jwst_cal\mastDownload\JWST\jw02731001003_02105_00004_nrcb1\jw02731001003_02105_00004_nrcb1_cal.fits
jw02731001003_02105_00004_nrcb2,jw02731001003_02105_00004_nrcb2_cal.fits,CAL,F200W,CLEAR,nrcb2,3,4,117573120,ok,C:\data\jwst_cal\mastDownload\JWST\jw02731001003_02105_00004_nrcb2\jw02731001003_02105_00004_nrcb2_cal.fits
jw02731001003_02105_00004_nrcb3,jw02731001003_02105_00004_nrcb3_cal.fits,CAL,F200W,CLEAR,nrcb3,3,4,117573120,ok,C:\data\jwst_cal\mastDownload\JWST\jw02731001003_02105_00004_nrcb3\jw02731001003_02105_00004_nrcb3_cal.fits
jw02731001003_02105_00004_nrcb4,jw02731001003_02105_00004_nrcb4_cal.fits,CAL,F200W,CLEAR,nrcb4,3,4,117573120,ok,C:\data\jwst_cal\mastDownload\JWST\jw02731001003_02105_00004_nrcb4\jw02731001003_02105_00004_nrcb4_cal.fits
jw02731001003_02105_00005_nrca1,jw02731001003_02105_00005_nrca1_cal.fits,CAL,F200W,CLEAR,nrca1,3,5,117570240,ok,C:\data\jwst_cal\mastDownload\JWST\jw02731001003_02105_00005_nrca1\jw02731001003_02105_00005_nrca1_cal.fits
jw02731001003_02105_00005_nrca2,jw02731001003_02105_00005_nrca2_cal.fits,CAL,F200W,CLEAR,nrca2,3,5,117570240,ok,C:\data\jwst_cal\mastDownload\JWST\jw02731001003_02105_00005_nrca2\jw02731001003_02105_00005_nrca2_cal.fits
jw02731001003_02105_00005_nrca3,jw02731001003_02105_00005_nrca3_cal.fits,CAL,F200W,CLEAR,nrca3,3,5,117573120,ok,C:\data\jwst_cal\mastDownload\JWST\jw02731001003_02105_00005_nrca3\jw02731001003_02105_00005_nrca3_cal.fits
jw02731001003_02105_00005_nrca4,jw02731001003_02105_00005_nrca4_cal.fits,CAL,F200W,CLEAR,nrca4,3,5,117573120,ok,C:\data\jwst_cal\mastDownload\JWST\jw02731001003_02105_00005_nrca4\jw02731001003_02105_00005_nrca4_cal.fits
jw02731001003_02105_00005_nrcb1,jw02731001003_02105_00005_nrcb1_cal.fits,CAL,F200W,CLEAR,nrcb1,3,5,117573120,ok,C:\data\jwst_cal\mastDownload\JWST\jw02731001003_02105_00005_nrcb1\jw02731001003_02105_00005_nrcb1_cal.fits
jw02731001003_02105_00005_nrcb2,jw02731001003_02105_00005_nrcb2_cal.fits,CAL,F200W,CLEAR,nrcb2,3,5,117573120,ok,C:\data\jwst_cal\mastDownload\JWST\jw02731001003_02105_00005_nrcb2\jw02731001003_02105_00005_nrcb2_cal.fits
jw02731001003_02105_00005_nrcb3,jw02731001003_02105_00005_nrcb3_cal.fits,CAL,F200W,CLEAR,nrcb3,3,5,117573120,ok,C:\data\jwst_cal\mastDownload\JWST\jw02731001003_02105_00005_nrcb3\jw02731001003_02105_00005_nrcb3_cal.fits
jw02731001003_02105_00005_nrcb4,jw02731001003_02105_00005_nrcb4_cal.fits,CAL,F200W,CLEAR,nrcb4,3,5,117573120,ok,C:\data\jwst_cal\mastDownload\JWST\jw02731001003_02105_00005_nrcb4\jw02731001003_02105_00005_nrcb4_cal.fits
jw02731001004_02101_00001_nrca1,jw02731001004_02101_00001_nrca1_cal.fits,CAL,F187N,CLEAR,nrca1,4,1,117573120,ok,C:\data\jwst_cal\mastDownload\JWST\jw02731001004_02101_00001_nrca1\jw02731001004_02101_00001_nrca1_cal.fits
jw02731001004_02101_00001_nrca2,jw02731001004_02101_00001_nrca2_cal.fits,CAL,F187N,CLEAR,nrca2,4,1,117573120,ok,C:\data\jwst_cal\mastDownload\JWST\jw02731001004_02101_00001_nrca2\jw02731001004_02101_00001_nrca2_cal.fits
jw02731001004_02101_00001_nrca3,jw02731001004_02101_00001_nrca3_cal.fits,CAL,F187N,CLEAR,nrca3,4,1,117573120,ok,C:\data\jwst_cal\mastDownload\JWST\jw02731001004_02101_00001_nrca3\jw02731001004_02101_00001_nrca3_cal.fits
jw02731001004_02101_00001_nrca4,jw02731001004_02101_00001_nrca4_cal.fits,CAL,F187N,CLEAR,nrca4,4,1,117573120,ok,C:\data\jwst_cal\mastDownload\JWST\jw02731001004_02101_00001_nrca4\jw02731001004_02101_00001_nrca4_cal.fits
jw02731001004_02101_00001_nrcb1,jw02731001004_02101_00001_nrcb1_cal.fits,CAL,F187N,CLEAR,nrcb1,4,1,117573120,ok,C:\data\jwst_cal\mastDownload\JWST\jw02731001004_02101_00001_nrcb1\jw02731001004_02101_00001_nrcb1_cal.fits
jw02731001004_02101_00001_nrcb2,jw02731001004_02101_00001_nrcb2_cal.fits,CAL,F187N,CLEAR,nrcb2,4,1,117573120,ok,C:\data\jwst_cal\mastDownload\JWST\jw02731001004_02101_00001_nrcb2\jw02731001004_02101_00001_nrcb2_cal.fits
jw02731001004_02101_00001_nrcb3,jw02731001004_02101_00001_nrcb3_cal.fits,CAL,F187N,CLEAR,nrcb3,4,1,117573120,ok,C:\data\jwst_cal\mastDownload\JWST\jw02731001004_02101_00001_nrcb3\jw02731001004_02101_00001_nrcb3_cal.fits
jw02731001004_02101_00001_nrcb4,jw02731001004_02101_00001_nrcb4_cal.fits,CAL,F187N,CLEAR,nrcb4,4,1,117573120,ok,C:\data\jwst_cal\mastDownload\JWST\jw02731001004_02101_00001_nrcb4\jw02731001004_02101_00001_nrcb4_cal.fits
jw02731001004_02101_00002_nrca1,jw02731001004_02101_00002_nrca1_cal.fits,CAL,F187N,CLEAR,nrca1,4,2,117573120,ok,C:\data\jwst_cal\mastDownload\JWST\jw02731001004_02101_00002_nrca1\jw02731001004_02101_00002_nrca1_cal.fits
jw02731001004_02101_00002_nrca2,jw02731001004_02101_00002_nrca2_cal.fits,CAL,F187N,CLEAR,nrca2,4,2,117573120,ok,C:\data\jwst_cal\mastDownload\JWST\jw02731001004_02101_00002_nrca2\jw02731001004_02101_00002_nrca2_cal.fits
jw02731001004_02101_00002_nrca3,jw02731001004_02101_00002_nrca3_cal.fits,CAL,F187N,CLEAR,nrca3,4,2,117573120,ok,C:\data\jwst_cal\mastDownload\JWST\jw02731001004_02101_00002_nrca3\jw02731001004_02101_00002_nrca3_cal.fits
jw02731001004_02101_00002_nrca4,jw02731001004_02101_00002_nrca4_cal.fits,CAL,F187N,CLEAR,nrca4,4,2,117573120,ok,C:\data\jwst_cal\mastDownload\JWST\jw02731001004_02101_00002_nrca4\jw02731001004_02101_00002_nrca4_cal.fits
jw02731001004_02101_00002_nrcb1,jw02731001004_02101_00002_nrcb1_cal.fits,CAL,F187N,CLEAR,nrcb1,4,2,117573120,ok,C:\data\jwst_cal\mastDownload\JWST\jw02731001004_02101_00002_nrcb1\jw02731001004_02101_00002_nrcb1_cal.fits
jw02731001004_02101_00002_nrcb2,jw02731001004_02101_00002_nrcb2_cal.fits,CAL,F187N,CLEAR,nrcb2,4,2,117573120,ok,C:\data\jwst_cal\mastDownload\JWST\jw02731001004_02101_00002_nrcb2\jw02731001004_02101_00002_nrcb2_cal.fits
jw02731001004_02101_00002_nrcb3,jw02731001004_02101_00002_nrcb3_cal.fits,CAL,F187N,CLEAR,nrcb3,4,2,117573120,ok,C:\data\jwst_cal\mastDownload\JWST\jw02731001004_02101_00002_nrcb3\jw02731001004_02101_00002_nrcb3_cal.fits
jw02731001004_02101_00002_nrcb4,jw02731001004_02101_00002_nrcb4_cal.fits,CAL,F187N,CLEAR,nrcb4,4,2,117573120,ok,C:\data\jwst_cal\mastDownload\JWST\jw02731001004_02101_00002_nrcb4\jw02731001004_02101_00002_nrcb4_cal.fits
jw02731001004_02101_00003_nrca1,jw02731001004_02101_00003_nrca1_cal.fits,CAL,F187N,CLEAR,nrca1,4,3,117573120,ok,C:\data\jwst_cal\mastDownload\JWST\jw02731001004_02101_00003_nrca1\jw02731001004_02101_00003_nrca1_cal.fits
jw02731001004_02101_00003_nrca2,jw02731001004_02101_00003_nrca2_cal.fits,CAL,F187N,CLEAR,nrca2,4,3,117573120,ok,C:\data\jwst_cal\mastDownload\JWST\jw02731001004_02101_00003_nrca2\jw02731001004_02101_00003_nrca2_cal.fits
jw02731001004_02101_00003_nrca3,jw02731001004_02101_00003_nrca3_cal.fits,CAL,F187N,CLEAR,nrca3,4,3,117573120,ok,C:\data\jwst_cal\mastDownload\JWST\jw02731001004_02101_00003_nrca3\jw02731001004_02101_00003_nrca3_cal.fits
jw02731001004_02101_00003_nrca4,jw02731001004_02101_00003_nrca4_cal.fits,CAL,F187N,CLEAR,nrca4,4,3,117573120,ok,C:\data\jwst_cal\mastDownload\JWST\jw02731001004_02101_00003_nrca4\jw02731001004_02101_00003_nrca4_cal.fits
jw02731001004_02101_00003_nrcb1,jw02731001004_02101_00003_nrcb1_cal.fits,CAL,F187N,CLEAR,nrcb1,4,3,117573120,ok,C:\data\jwst_cal\mastDownload\JWST\jw02731001004_02101_00003_nrcb1\jw02731001004_02101_00003_nrcb1_cal.fits
jw02731001004_02101_00003_nrcb2,jw02731001004_02101_00003_nrcb2_cal.fits,CAL,F187N,CLEAR,nrcb2,4,3,117573120,ok,C:\data\jwst_cal\mastDownload\JWST\jw02731001004_02101_00003_nrcb2\jw02731001004_02101_00003_nrcb2_cal.fits
jw02731001004_02101_00003_nrcb3,jw02731001004_02101_00003_nrcb3_cal.fits,CAL,F187N,CLEAR,nrcb3,4,3,117573120,ok,C:\data\jwst_cal\mastDownload\JWST\jw02731001004_02101_00003_nrcb3\jw02731001004_02101_00003_nrcb3_cal.fits
jw02731001004_02101_00003_nrcb4,jw02731001004_02101_00003_nrcb4_cal.fits,CAL,F187N,CLEAR,nrcb4,4,3,117573120,ok,C:\data\jwst_cal\mastDownload\JWST\jw02731001004_02101_00003_nrcb4\jw02731001004_02101_00003_nrcb4_cal.fits
jw02731001004_02101_00004_nrca1,jw02731001004_02101_00004_nrca1_cal.fits,CAL,F187N,CLEAR,nrca1,4,4,117573120,ok,C:\data\jwst_cal\mastDownload\JWST\jw02731001004_02101_00004_nrca1\jw02731001004_02101_00004_nrca1_cal.fits
jw02731001004_02101_00004_nrca2,jw02731001004_02101_00004_nrca2_cal.fits,CAL,F187N,CLEAR,nrca2,4,4,117573120,ok,C:\data\jwst_cal\mastDownload\JWST\jw02731001004_02101_00004_nrca2\jw02731001004_02101_00004_nrca2_cal.fits
jw02731001004_02101_00004_nrca3,jw02731001004_02101_00004_nrca3_cal.fits,CAL,F187N,CLEAR,nrca3,4,4,117573120,ok,C:\data\jwst_cal\mastDownload\JWST\jw02731001004_02101_00004_nrca3\jw02731001004_02101_00004_nrca3_cal.fits
jw02731001004_02101_00004_nrca4,jw02731001004_02101_00004_nrca4_cal.fits,CAL,F187N,CLEAR,nrca4,4,4,117573120,ok,C:\data\jwst_cal\mastDownload\JWST\jw02731001004_02101_00004_nrca4\jw02731001004_02101_00004_nrca4_cal.fits
jw02731001004_02101_00004_nrcb1,jw02731001004_02101_00004_nrcb1_cal.fits,CAL,F187N,CLEAR,nrcb1,4,4,117573120,ok,C:\data\jwst_cal\mastDownload\JWST\jw02731001004_02101_00004_nrcb1\jw02731001004_02101_00004_nrcb1_cal.fits
jw02731001004_02101_00004_nrcb2,jw02731001004_02101_00004_nrcb2_cal.fits,CAL,F187N,CLEAR,nrcb2,4,4,117573120,ok,C:\data\jwst_cal\mastDownload\JWST\jw02731001004_02101_00004_nrcb2\jw02731001004_02101_00004_nrcb2_cal.fits
jw02731001004_02101_00004_nrcb3,jw02731001004_02101_00004_nrcb3_cal.fits,CAL,F187N,CLEAR,nrcb3,4,4,117573120,ok,C:\data\jwst_cal\mastDownload\JWST\jw02731001004_02101_00004_nrcb3\jw02731001004_02101_00004_nrcb3_cal.fits
jw02731001004_02101_00004_nrcb4,jw02731001004_02101_00004_nrcb4_cal.fits,CAL,F187N,CLEAR,nrcb4,4,4,117573120,ok,C:\data\jwst_cal\mastDownload\JWST\jw02731001004_02101_00004_nrcb4\jw02731001004_02101_00004_nrcb4_cal.fits
jw02731001004_02101_00005_nrca1,jw02731001004_02101_00005_nrca1_cal.fits,CAL,F187N,CLEAR,nrca1,4,5,117573120,ok,C:\data\jwst_cal\mastDownload\JWST\jw02731001004_02101_00005_nrca1\jw02731001004_02101_00005_nrca1_cal.fits
jw02731001004_02101_00005_nrca2,jw02731001004_02101_00005_nrca2_cal.fits,CAL,F187N,CLEAR,nrca2,4,5,117573120,ok,C:\data\jwst_cal\mastDownload\JWST\jw02731001004_02101_00005_nrca2\jw02731001004_02101_00005_nrca2_cal.fits
jw02731001004_02101_00005_nrca3,jw02731001004_02101_00005_nrca3_cal.fits,CAL,F187N,CLEAR,nrca3,4,5,117573120,ok,C:\data\jwst_cal\mastDownload\JWST\jw02731001004_02101_00005_nrca3\jw02731001004_02101_00005_nrca3_cal.fits
jw02731001004_02101_00005_nrca4,jw02731001004_02101_00005_nrca4_cal.fits,CAL,F187N,CLEAR,nrca4,4,5,117573120,ok,C:\data\jwst_cal\mastDownload\JWST\jw02731001004_02101_00005_nrca4\jw02731001004_02101_00005_nrca4_cal.fits
jw02731001004_02101_00005_nrcb1,jw02731001004_02101_00005_nrcb1_cal.fits,CAL,F187N,CLEAR,nrcb1,4,5,117573120,ok,C:\data\jwst_cal\mastDownload\JWST\jw02731001004_02101_00005_nrcb1\jw02731001004_02101_00005_nrcb1_cal.fits
jw02731001004_02101_00005_nrcb2,jw02731001004_02101_00005_nrcb2_cal.fits,CAL,F187N,CLEAR,nrcb2,4,5,117573120,ok,C:\data\jwst_cal\mastDownload\JWST\jw02731001004_02101_00005_nrcb2\jw02731001004_02101_00005_nrcb2_cal.fits
jw02731001004_02101_00005_nrcb3,jw02731001004_02101_00005_nrcb3_cal.fits,CAL,F187N,CLEAR,nrcb3,4,5,117573120,ok,C:\data\jwst_cal\mastDownload\JWST\jw02731001004_02101_00005_nrcb3\jw02731001004_02101_00005_nrcb3_cal.fits
jw02731001004_02101_00005_nrcb4,jw02731001004_02101_00005_nrcb4_cal.fits,CAL,F187N,CLEAR,nrcb4,4,5,117573120,ok,C:\data\jwst_cal\mastDownload\JWST\jw02731001004_02101_00005_nrcb4\jw02731001004_02101_00005_nrcb4_cal.fits
jw02731001004_02103_00001_nrca1,jw02731001004_02103_00001_nrca1_cal.fits,CAL,F090W,CLEAR,nrca1,4,1,117573120,ok,C:\data\jwst_cal\mastDownload\JWST\jw02731001004_02103_00001_nrca1\jw02731001004_02103_00001_nrca1_cal.fits
jw02731001004_02103_00001_nrca2,jw02731001004_02103_00001_nrca2_cal.fits,CAL,F090W,CLEAR,nrca2,4,1,117573120,ok,C:\data\jwst_cal\mastDownload\JWST\jw02731001004_02103_00001_nrca2\jw02731001004_02103_00001_nrca2_cal.fits
jw02731001004_02103_00001_nrca3,jw02731001004_02103_00001_nrca3_cal.fits,CAL,F090W,CLEAR,nrca3,4,1,117573120,ok,C:\data\jwst_cal\mastDownload\JWST\jw02731001004_02103_00001_nrca3\jw02731001004_02103_00001_nrca3_cal.fits
jw02731001004_02103_00001_nrca4,jw02731001004_02103_00001_nrca4_cal.fits,CAL,F090W,CLEAR,nrca4,4,1,117573120,ok,C:\data\jwst_cal\mastDownload\JWST\jw02731001004_02103_00001_nrca4\jw02731001004_02103_00001_nrca4_cal.fits
jw02731001004_02103_00001_nrcalong,jw02731001004_02103_00001_nrcalong_cal.fits,CAL,F335M,CLEAR,nrcalong,4,1,117573120,ok,C:\data\jwst_cal\mastDownload\JWST\jw02731001004_02103_00001_nrcalong\jw02731001004_02103_00001_nrcalong_cal.fits
jw02731001004_02103_00001_nrcb1,jw02731001004_02103_00001_nrcb1_cal.fits,CAL,F090W,CLEAR,nrcb1,4,1,117573120,ok,C:\data\jwst_cal\mastDownload\JWST\jw02731001004_02103_00001_nrcb1\jw02731001004_02103_00001_nrcb1_cal.fits
jw02731001004_02103_00001_nrcb2,jw02731001004_02103_00001_nrcb2_cal.fits,CAL,F090W,CLEAR,nrcb2,4,1,117573120,ok,C:\data\jwst_cal\mastDownload\JWST\jw02731001004_02103_00001_nrcb2\jw02731001004_02103_00001_nrcb2_cal.fits
jw02731001004_02103_00001_nrcb3,jw02731001004_02103_00001_nrcb3_cal.fits,CAL,F090W,CLEAR,nrcb3,4,1,117573120,ok,C:\data\jwst_cal\mastDownload\JWST\jw02731001004_02103_00001_nrcb3\jw02731001004_02103_00001_nrcb3_cal.fits
jw02731001004_02103_00001_nrcb4,jw02731001004_02103_00001_nrcb4_cal.fits,CAL,F090W,CLEAR,nrcb4,4,1,117573120,ok,C:\data\jwst_cal\mastDownload\JWST\jw02731001004_02103_00001_nrcb4\jw02731001004_02103_00001_nrcb4_cal.fits
jw02731001004_02103_00001_nrcblong,jw02731001004_02103_00001_nrcblong_cal.fits,CAL,F335M,CLEAR,nrcblong,4,1,117573120,ok,C:\data\jwst_cal\mastDownload\JWST\jw02731001004_02103_00001_nrcblong\jw02731001004_02103_00001_nrcblong_cal.fits
jw02731001004_02103_00002_nrca1,jw02731001004_02103_00002_nrca1_cal.fits,CAL,F090W,CLEAR,nrca1,4,2,117573120,ok,C:\data\jwst_cal\mastDownload\JWST\jw02731001004_02103_00002_nrca1\jw02731001004_02103_00002_nrca1_cal.fits
jw02731001004_02103_00002_nrca2,jw02731001004_02103_00002_nrca2_cal.fits,CAL,F090W,CLEAR,nrca2,4,2,117573120,ok,C:\data\jwst_cal\mastDownload\JWST\jw02731001004_02103_00002_nrca2\jw02731001004_02103_00002_nrca2_cal.fits
jw02731001004_02103_00002_nrca3,jw02731001004_02103_00002_nrca3_cal.fits,CAL,F090W,CLEAR,nrca3,4,2,117573120,ok,C:\data\jwst_cal\mastDownload\JWST\jw02731001004_02103_00002_nrca3\jw02731001004_02103_00002_nrca3_cal.fits
jw02731001004_02103_00002_nrca4,jw02731001004_02103_00002_nrca4_cal.fits,CAL,F090W,CLEAR,nrca4,4,2,117573120,ok,C:\data\jwst_cal\mastDownload\JWST\jw02731001004_02103_00002_nrca4\jw02731001004_02103_00002_nrca4_cal.fits
jw02731001004_02103_00002_nrcalong,jw02731001004_02103_00002_nrcalong_cal.fits,CAL,F335M,CLEAR,nrcalong,4,2,117573120,ok,C:\data\jwst_cal\mastDownload\JWST\jw02731001004_02103_00002_nrcalong\jw02731001004_02103_00002_nrcalong_cal.fits
jw02731001004_02103_00002_nrcb1,jw02731001004_02103_00002_nrcb1_cal.fits,CAL,F090W,CLEAR,nrcb1,4,2,117573120,ok,C:\data\jwst_cal\mastDownload\JWST\jw02731001004_02103_00002_nrcb1\jw02731001004_02103_00002_nrcb1_cal.fits
jw02731001004_02103_00002_nrcb2,jw02731001004_02103_00002_nrcb2_cal.fits,CAL,F090W,CLEAR,nrcb2,4,2,117573120,ok,C:\data\jwst_cal\mastDownload\JWST\jw02731001004_02103_00002_nrcb2\jw02731001004_02103_00002_nrcb2_cal.fits
jw02731001004_02103_00002_nrcb3,jw02731001004_02103_00002_nrcb3_cal.fits,CAL,F090W,CLEAR,nrcb3,4,2,117573120,ok,C:\data\jwst_cal\mastDownload\JWST\jw02731001004_02103_00002_nrcb3\jw02731001004_02103_00002_nrcb3_cal.fits
jw02731001004_02103_00002_nrcb4,jw02731001004_02103_00002_nrcb4_cal.fits,CAL,F090W,CLEAR,nrcb4,4,2,117573120,ok,C:\data\jwst_cal\mastDownload\JWST\jw02731001004_02103_00002_nrcb4\jw02731001004_02103_00002_nrcb4_cal.fits
jw02731001004_02103_00002_nrcblong,jw02731001004_02103_00002_nrcblong_cal.fits,CAL,F335M,CLEAR,nrcblong,4,2,117573120,ok,C:\data\jwst_cal\mastDownload\JWST\jw02731001004_02103_00002_nrcblong\jw02731001004_02103_00002_nrcblong_cal.fits
jw02731001004_02103_00003_nrca1,jw02731001004_02103_00003_nrca1_cal.fits,CAL,F090W,CLEAR,nrca1,4,3,117573120,ok,C:\data\jwst_cal\mastDownload\JWST\jw02731001004_02103_00003_nrca1\jw02731001004_02103_00003_nrca1_cal.fits
jw02731001004_02103_00003_nrca2,jw02731001004_02103_00003_nrca2_cal.fits,CAL,F090W,CLEAR,nrca2,4,3,117573120,ok,C:\data\jwst_cal\mastDownload\JWST\jw02731001004_02103_00003_nrca2\jw02731001004_02103_00003_nrca2_cal.fits
jw02731001004_02103_00003_nrca3,jw02731001004_02103_00003_nrca3_cal.fits,CAL,F090W,CLEAR,nrca3,4,3,117573120,ok,C:\data\jwst_cal\mastDownload\JWST\jw02731001004_02103_00003_nrca3\jw02731001004_02103_00003_nrca3_cal.fits
jw02731001004_02103_00003_nrca4,jw02731001004_02103_00003_nrca4_cal.fits,CAL,F090W,CLEAR,nrca4,4,3,117573120,ok,C:\data\jwst_cal\mastDownload\JWST\jw02731001004_02103_00003_nrca4\jw02731001004_02103_00003_nrca4_cal.fits
jw02731001004_02103_00003_nrcalong,jw02731001004_02103_00003_nrcalong_cal.fits,CAL,F335M,CLEAR,nrcalong,4,3,117573120,ok,C:\data\jwst_cal\mastDownload\JWST\jw02731001004_02103_00003_nrcalong\jw02731001004_02103_00003_nrcalong_cal.fits
jw02731001004_02103_00003_nrcb1,jw02731001004_02103_00003_nrcb1_cal.fits,CAL,F090W,CLEAR,nrcb1,4,3,117573120,ok,C:\data\jwst_cal\mastDownload\JWST\jw02731001004_02103_00003_nrcb1\jw02731001004_02103_00003_nrcb1_cal.fits
jw02731001004_02103_00003_nrcb2,jw02731001004_02103_00003_nrcb2_cal.fits,CAL,F090W,CLEAR,nrcb2,4,3,117573120,ok,C:\data\jwst_cal\mastDownload\JWST\jw02731001004_02103_00003_nrcb2\jw02731001004_02103_00003_nrcb2_cal.fits
jw02731001004_02103_00003_nrcb3,jw02731001004_02103_00003_nrcb3_cal.fits,CAL,F090W,CLEAR,nrcb3,4,3,117573120,ok,C:\data\jwst_cal\mastDownload\JWST\jw02731001004_02103_00003_nrcb3\jw02731001004_02103_00003_nrcb3_cal.fits
jw02731001004_02103_00003_nrcb4,jw02731001004_02103_00003_nrcb4_cal.fits,CAL,F090W,CLEAR,nrcb4,4,3,117573120,ok,C:\data\jwst_cal\mastDownload\JWST\jw02731001004_02103_00003_nrcb4\jw02731001004_02103_00003_nrcb4_cal.fits
jw02731001004_02103_00003_nrcblong,jw02731001004_02103_00003_nrcblong_cal.fits,CAL,F335M,CLEAR,nrcblong,4,3,117573120,ok,C:\data\jwst_cal\mastDownload\JWST\jw02731001004_02103_00003_nrcblong\jw02731001004_02103_00003_nrcblong_cal.fits
jw02731001004_02103_00004_nrca1,jw02731001004_02103_00004_nrca1_cal.fits,CAL,F090W,CLEAR,nrca1,4,4,117573120,ok,C:\data\jwst_cal\mastDownload\JWST\jw02731001004_02103_00004_nrca1\jw02731001004_02103_00004_nrca1_cal.fits
jw02731001004_02103_00004_nrca2,jw02731001004_02103_00004_nrca2_cal.fits,CAL,F090W,CLEAR,nrca2,4,4,117573120,ok,C:\data\jwst_cal\mastDownload\JWST\jw02731001004_02103_00004_nrca2\jw02731001004_02103_00004_nrca2_cal.fits
jw02731001004_02103_00004_nrca3,jw02731001004_02103_00004_nrca3_cal.fits,CAL,F090W,CLEAR,nrca3,4,4,117573120,ok,C:\data\jwst_cal\mastDownload\JWST\jw02731001004_02103_00004_nrca3\jw02731001004_02103_00004_nrca3_cal.fits
jw02731001004_02103_00004_nrca4,jw02731001004_02103_00004_nrca4_cal.fits,CAL,F090W,CLEAR,nrca4,4,4,117573120,ok,C:\data\jwst_cal\mastDownload\JWST\jw02731001004_02103_00004_nrca4\jw02731001004_02103_00004_nrca4_cal.fits
jw02731001004_02103_00004_nrcalong,jw02731001004_02103_00004_nrcalong_cal.fits,CAL,F335M,CLEAR,nrcalong,4,4,117573120,ok,C:\data\jwst_cal\mastDownload\JWST\jw02731001004_02103_00004_nrcalong\jw02731001004_02103_00004_nrcalong_cal.fits
jw02731001004_02103_00004_nrcb1,jw02731001004_02103_00004_nrcb1_cal.fits,CAL,F090W,CLEAR,nrcb1,4,4,117573120,ok,C:\data\jwst_cal\mastDownload\JWST\jw02731001004_02103_00004_nrcb1\jw02731001004_02103_00004_nrcb1_cal.fits
jw02731001004_02103_00004_nrcb2,jw02731001004_02103_00004_nrcb2_cal.fits,CAL,F090W,CLEAR,nrcb2,4,4,117573120,ok,C:\data\jwst_cal\mastDownload\JWST\jw02731001004_02103_00004_nrcb2\jw02731001004_02103_00004_nrcb2_cal.fits
jw02731001004_02103_00004_nrcb3,jw02731001004_02103_00004_nrcb3_cal.fits,CAL,F090W,CLEAR,nrcb3,4,4,117573120,ok,C:\data\jwst_cal\mastDownload\JWST\jw02731001004_02103_00004_nrcb3\jw02731001004_02103_00004_nrcb3_cal.fits
jw02731001004_02103_00004_nrcb4,jw02731001004_02103_00004_nrcb4_cal.fits,CAL,F090W,CLEAR,nrcb4,4,4,117573120,ok,C:\data\jwst_cal\mastDownload\JWST\jw02731001004_02103_00004_nrcb4\jw02731001004_02103_00004_nrcb4_cal.fits
jw02731001004_02103_00004_nrcblong,jw02731001004_02103_00004_nrcblong_cal.fits,CAL,F335M,CLEAR,nrcblong,4,4,117573120,ok,C:\data\jwst_cal\mastDownload\JWST\jw02731001004_02103_00004_nrcblong\jw02731001004_02103_00004_nrcblong_cal.fits
jw02731001004_02103_00005_nrca1,jw02731001004_02103_00005_nrca1_cal.fits,CAL,F090W,CLEAR,nrca1,4,5,117573120,ok,C:\data\jwst_cal\mastDownload\JWST\jw02731001004_02103_00005_nrca1\jw02731001004_02103_00005_nrca1_cal.fits
jw02731001004_02103_00005_nrca2,jw02731001004_02103_00005_nrca2_cal.fits,CAL,F090W,CLEAR,nrca2,4,5,117573120,ok,C:\data\jwst_cal\mastDownload\JWST\jw02731001004_02103_00005_nrca2\jw02731001004_02103_00005_nrca2_cal.fits
jw02731001004_02103_00005_nrca3,jw02731001004_02103_00005_nrca3_cal.fits,CAL,F090W,CLEAR,nrca3,4,5,117573120,ok,C:\data\jwst_cal\mastDownload\JWST\jw02731001004_02103_00005_nrca3\jw02731001004_02103_00005_nrca3_cal.fits
jw02731001004_02103_00005_nrca4,jw02731001004_02103_00005_nrca4_cal.fits,CAL,F090W,CLEAR,nrca4,4,5,117573120,ok,C:\data\jwst_cal\mastDownload\JWST\jw02731001004_02103_00005_nrca4\jw02731001004_02103_00005_nrca4_cal.fits
jw02731001004_02103_00005_nrcalong,jw02731001004_02103_00005_nrcalong_cal.fits,CAL,F335M,CLEAR,nrcalong,4,5,117573120,ok,C:\data\jwst_cal\mastDownload\JWST\jw02731001004_02103_00005_nrcalong\jw02731001004_02103_00005_nrcalong_cal.fits
jw02731001004_02103_00005_nrcb1,jw02731001004_02103_00005_nrcb1_cal.fits,CAL,F090W,CLEAR,nrcb1,4,5,117573120,ok,C:\data\jwst_cal\mastDownload\JWST\jw02731001004_02103_00005_nrcb1\jw02731001004_02103_00005_nrcb1_cal.fits
jw02731001004_02103_00005_nrcb2,jw02731001004_02103_00005_nrcb2_cal.fits,CAL,F090W,CLEAR,nrcb2,4,5,117573120,ok,C:\data\jwst_cal\mastDownload\JWST\jw02731001004_02103_00005_nrcb2\jw02731001004_02103_00005_nrcb2_cal.fits
jw02731001004_02103_00005_nrcb3,jw02731001004_02103_00005_nrcb3_cal.fits,CAL,F090W,CLEAR,nrcb3,4,5,117573120,ok,C:\data\jwst_cal\mastDownload\JWST\jw02731001004_02103_00005_nrcb3\jw02731001004_02103_00005_nrcb3_cal.fits
jw02731001004_02103_00005_nrcb4,jw02731001004_02103_00005_nrcb4_cal.fits,CAL,F090W,CLEAR,nrcb4,4,5,117573120,ok,C:\data\jwst_cal\mastDownload\JWST\jw02731001004_02103_00005_nrcb4\jw02731001004_02103_00005_nrcb4_cal.fits
jw02731001004_02103_00005_nrcblong,jw02731001004_02103_00005_nrcblong_cal.fits,CAL,F335M,CLEAR,nrcblong,4,5,117573120,ok,C:\data\jwst_cal\mastDownload\JWST\jw02731001004_02103_00005_nrcblong\jw02731001004_02103_00005_nrcblong_cal.fits
jw02731001004_02105_00001_nrca1,jw02731001004_02105_00001_nrca1_cal.fits,CAL,F200W,CLEAR,nrca1,4,1,117570240,ok,C:\data\jwst_cal\mastDownload\JWST\jw02731001004_02105_00001_nrca1\jw02731001004_02105_00001_nrca1_cal.fits
jw02731001004_02105_00001_nrca2,jw02731001004_02105_00001_nrca2_cal.fits,CAL,F200W,CLEAR,nrca2,4,1,117570240,ok,C:\data\jwst_cal\mastDownload\JWST\jw02731001004_02105_00001_nrca2\jw02731001004_02105_00001_nrca2_cal.fits
jw02731001004_02105_00001_nrca3,jw02731001004_02105_00001_nrca3_cal.fits,CAL,F200W,CLEAR,nrca3,4,1,117573120,ok,C:\data\jwst_cal\mastDownload\JWST\jw02731001004_02105_00001_nrca3\jw02731001004_02105_00001_nrca3_cal.fits
jw02731001004_02105_00001_nrca4,jw02731001004_02105_00001_nrca4_cal.fits,CAL,F200W,CLEAR,nrca4,4,1,117573120,ok,C:\data\jwst_cal\mastDownload\JWST\jw02731001004_02105_00001_nrca4\jw02731001004_02105_00001_nrca4_cal.fits
jw02731001004_02105_00001_nrcb1,jw02731001004_02105_00001_nrcb1_cal.fits,CAL,F200W,CLEAR,nrcb1,4,1,117573120,ok,C:\data\jwst_cal\mastDownload\JWST\jw02731001004_02105_00001_nrcb1\jw02731001004_02105_00001_nrcb1_cal.fits
jw02731001004_02105_00001_nrcb2,jw02731001004_02105_00001_nrcb2_cal.fits,CAL,F200W,CLEAR,nrcb2,4,1,117573120,ok,C:\data\jwst_cal\mastDownload\JWST\jw02731001004_02105_00001_nrcb2\jw02731001004_02105_00001_nrcb2_cal.fits
jw02731001004_02105_00001_nrcb3,jw02731001004_02105_00001_nrcb3_cal.fits,CAL,F200W,CLEAR,nrcb3,4,1,117573120,ok,C:\data\jwst_cal\mastDownload\JWST\jw02731001004_02105_00001_nrcb3\jw02731001004_02105_00001_nrcb3_cal.fits
jw02731001004_02105_00001_nrcb4,jw02731001004_02105_00001_nrcb4_cal.fits,CAL,F200W,CLEAR,nrcb4,4,1,117573120,ok,C:\data\jwst_cal\mastDownload\JWST\jw02731001004_02105_00001_nrcb4\jw02731001004_02105_00001_nrcb4_cal.fits
jw02731001004_02105_00002_nrca1,jw02731001004_02105_00002_nrca1_cal.fits,CAL,F200W,CLEAR,nrca1,4,2,117570240,ok,C:\data\jwst_cal\mastDownload\JWST\jw02731001004_02105_00002_nrca1\jw02731001004_02105_00002_nrca1_cal.fits
jw02731001004_02105_00002_nrca2,jw02731001004_02105_00002_nrca2_cal.fits,CAL,F200W,CLEAR,nrca2,4,2,117570240,ok,C:\data\jwst_cal\mastDownload\JWST\jw02731001004_02105_00002_nrca2\jw02731001004_02105_00002_nrca2_cal.fits
jw02731001004_02105_00002_nrca3,jw02731001004_02105_00002_nrca3_cal.fits,CAL,F200W,CLEAR,nrca3,4,2,117573120,ok,C:\data\jwst_cal\mastDownload\JWST\jw02731001004_02105_00002_nrca3\jw02731001004_02105_00002_nrca3_cal.fits
jw02731001004_02105_00002_nrca4,jw02731001004_02105_00002_nrca4_cal.fits,CAL,F200W,CLEAR,nrca4,4,2,117573120,ok,C:\data\jwst_cal\mastDownload\JWST\jw02731001004_02105_00002_nrca4\jw02731001004_02105_00002_nrca4_cal.fits
jw02731001004_02105_00002_nrcb1,jw02731001004_02105_00002_nrcb1_cal.fits,CAL,F200W,CLEAR,nrcb1,4,2,117573120,ok,C:\data\jwst_cal\mastDownload\JWST\jw02731001004_02105_00002_nrcb1\jw02731001004_02105_00002_nrcb1_cal.fits
jw02731001004_02105_00002_nrcb2,jw02731001004_02105_00002_nrcb2_cal.fits,CAL,F200W,CLEAR,nrcb2,4,2,117573120,ok,C:\data\jwst_cal\mastDownload\JWST\jw02731001004_02105_00002_nrcb2\jw02731001004_02105_00002_nrcb2_cal.fits
jw02731001004_02105_00002_nrcb3,jw02731001004_02105_00002_nrcb3_cal.fits,CAL,F200W,CLEAR,nrcb3,4,2,117573120,ok,C:\data\jwst_cal\mastDownload\JWST\jw02731001004_02105_00002_nrcb3\jw02731001004_02105_00002_nrcb3_cal.fits
jw02731001004_02105_00002_nrcb4,jw02731001004_02105_00002_nrcb4_cal.fits,CAL,F200W,CLEAR,nrcb4,4,2,117573120,ok,C:\data\jwst_cal\mastDownload\JWST\jw02731001004_02105_00002_nrcb4\jw02731001004_02105_00002_nrcb4_cal.fits
jw02731001004_02105_00003_nrca1,jw02731001004_02105_00003_nrca1_cal.fits,CAL,F200W,CLEAR,nrca1,4,3,117570240,ok,C:\data\jwst_cal\mastDownload\JWST\jw02731001004_02105_00003_nrca1\jw02731001004_02105_00003_nrca1_cal.fits
jw02731001004_02105_00003_nrca2,jw02731001004_02105_00003_nrca2_cal.fits,CAL,F200W,CLEAR,nrca2,4,3,117570240,ok,C:\data\jwst_cal\mastDownload\JWST\jw02731001004_02105_00003_nrca2\jw02731001004_02105_00003_nrca2_cal.fits
jw02731001004_02105_00003_nrca3,jw02731001004_02105_00003_nrca3_cal.fits,CAL,F200W,CLEAR,nrca3,4,3,117573120,ok,C:\data\jwst_cal\mastDownload\JWST\jw02731001004_02105_00003_nrca3\jw02731001004_02105_00003_nrca3_cal.fits
jw02731001004_02105_00003_nrca4,jw02731001004_02105_00003_nrca4_cal.fits,CAL,F200W,CLEAR,nrca4,4,3,117573120,ok,C:\data\jwst_cal\mastDownload\JWST\jw02731001004_02105_00003_nrca4\jw02731001004_02105_00003_nrca4_cal.fits
jw02731001004_02105_00003_nrcb1,jw02731001004_02105_00003_nrcb1_cal.fits,CAL,F200W,CLEAR,nrcb1,4,3,117573120,ok,C:\data\jwst_cal\mastDownload\JWST\jw02731001004_02105_00003_nrcb1\jw02731001004_02105_00003_nrcb1_cal.fits
jw02731001004_02105_00003_nrcb2,jw02731001004_02105_00003_nrcb2_cal.fits,CAL,F200W,CLEAR,nrcb2,4,3,117573120,ok,C:\data\jwst_cal\mastDownload\JWST\jw02731001004_02105_00003_nrcb2\jw02731001004_02105_00003_nrcb2_cal.fits
jw02731001004_02105_00003_nrcb3,jw02731001004_02105_00003_nrcb3_cal.fits,CAL,F200W,CLEAR,nrcb3,4,3,117573120,ok,C:\data\jwst_cal\mastDownload\JWST\jw02731001004_02105_00003_nrcb3\jw02731001004_02105_00003_nrcb3_cal.fits
jw02731001004_02105_00003_nrcb4,jw02731001004_02105_00003_nrcb4_cal.fits,CAL,F200W,CLEAR,nrcb4,4,3,117573120,ok,C:\data\jwst_cal\mastDownload\JWST\jw02731001004_02105_00003_nrcb4\jw02731001004_02105_00003_nrcb4_cal.fits
jw02731001004_02105_00004_nrca1,jw02731001004_02105_00004_nrca1_cal.fits,CAL,F200W,CLEAR,nrca1,4,4,117570240,ok,C:\data\jwst_cal\mastDownload\JWST\jw02731001004_02105_00004_nrca1\jw02731001004_02105_00004_nrca1_cal.fits
jw02731001004_02105_00004_nrca2,jw02731001004_02105_00004_nrca2_cal.fits,CAL,F200W,CLEAR,nrca2,4,4,117570240,ok,C:\data\jwst_cal\mastDownload\JWST\jw02731001004_02105_00004_nrca2\jw02731001004_02105_00004_nrca2_cal.fits
jw02731001004_02105_00004_nrca3,jw02731001004_02105_00004_nrca3_cal.fits,CAL,F200W,CLEAR,nrca3,4,4,117573120,ok,C:\data\jwst_cal\mastDownload\JWST\jw02731001004_02105_00004_nrca3\jw02731001004_02105_00004_nrca3_cal.fits
jw02731001004_02105_00004_nrca4,jw02731001004_02105_00004_nrca4_cal.fits,CAL,F200W,CLEAR,nrca4,4,4,117573120,ok,C:\data\jwst_cal\mastDownload\JWST\jw02731001004_02105_00004_nrca4\jw02731001004_02105_00004_nrca4_cal.fits
jw02731001004_02105_00004_nrcb1,jw02731001004_02105_00004_nrcb1_cal.fits,CAL,F200W,CLEAR,nrcb1,4,4,117573120,ok,C:\data\jwst_cal\mastDownload\JWST\jw02731001004_02105_00004_nrcb1\jw02731001004_02105_00004_nrcb1_cal.fits
jw02731001004_02105_00004_nrcb2,jw02731001004_02105_00004_nrcb2_cal.fits,CAL,F200W,CLEAR,nrcb2,4,4,117573120,ok,C:\data\jwst_cal\mastDownload\JWST\jw02731001004_02105_00004_nrcb2\jw02731001004_02105_00004_nrcb2_cal.fits
jw02731001004_02105_00004_nrcb3,jw02731001004_02105_00004_nrcb3_cal.fits,CAL,F200W,CLEAR,nrcb3,4,4,117573120,ok,C:\data\jwst_cal\mastDownload\JWST\jw02731001004_02105_00004_nrcb3\jw02731001004_02105_00004_nrcb3_cal.fits
jw02731001004_02105_00004_nrcb4,jw02731001004_02105_00004_nrcb4_cal.fits,CAL,F200W,CLEAR,nrcb4,4,4,117573120,ok,C:\data\jwst_cal\mastDownload\JWST\jw02731001004_02105_00004_nrcb4\jw02731001004_02105_00004_nrcb4_cal.fits
jw02731001004_02105_00005_nrca1,jw02731001004_02105_00005_nrca1_cal.fits,CAL,F200W,CLEAR,nrca1,4,5,117570240,ok,C:\data\jwst_cal\mastDownload\JWST\jw02731001004_02105_00005_nrca1\jw02731001004_02105_00005_nrca1_cal.fits
jw02731001004_02105_00005_nrca2,jw02731001004_02105_00005_nrca2_cal.fits,CAL,F200W,CLEAR,nrca2,4,5,117570240,ok,C:\data\jwst_cal\mastDownload\JWST\jw02731001004_02105_00005_nrca2\jw02731001004_02105_00005_nrca2_cal.fits
jw02731001004_02105_00005_nrca3,jw02731001004_02105_00005_nrca3_cal.fits,CAL,F200W,CLEAR,nrca3,4,5,117573120,ok,C:\data\jwst_cal\mastDownload\JWST\jw02731001004_02105_00005_nrca3\jw02731001004_02105_00005_nrca3_cal.fits
jw02731001004_02105_00005_nrca4,jw02731001004_02105_00005_nrca4_cal.fits,CAL,F200W,CLEAR,nrca4,4,5,117573120,ok,C:\data\jwst_cal\mastDownload\JWST\jw02731001004_02105_00005_nrca4\jw02731001004_02105_00005_nrca4_cal.fits
jw02731001004_02105_00005_nrcb1,jw02731001004_02105_00005_nrcb1_cal.fits,CAL,F200W,CLEAR,nrcb1,4,5,117573120,ok,C:\data\jwst_cal\mastDownload\JWST\jw02731001004_02105_00005_nrcb1\jw02731001004_02105_00005_nrcb1_cal.fits
jw02731001004_02105_00005_nrcb2,jw02731001004_02105_00005_nrcb2_cal.fits,CAL,F200W,CLEAR,nrcb2,4,5,117573120,ok,C:\data\jwst_cal\mastDownload\JWST\jw02731001004_02105_00005_nrcb2\jw02731001004_02105_00005_nrcb2_cal.fits
jw02731001004_02105_00005_nrcb3,jw02731001004_02105_00005_nrcb3_cal.fits,CAL,F200W,CLEAR,nrcb3,4,5,117573120,ok,C:\data\jwst_cal\mastDownload\JWST\jw02731001004_02105_00005_nrcb3\jw02731001004_02105_00005_nrcb3_cal.fits
jw02731001004_02105_00005_nrcb4,jw02731001004_02105_00005_nrcb4_cal.fits,CAL,F200W,CLEAR,nrcb4,4,5,117573120,ok,C:\data\jwst_cal\mastDownload\JWST\jw02731001004_02105_00005_nrcb4\jw02731001004_02105_00005_nrcb4_cal.fits
jw02731001001_02101_00001_nrcalong,jw02731001001_02101_00001_nrcalong_cal.fits,CAL,F444W,F470N,nrcalong,1,1,0,missing,
jw02731001001_02101_00001_nrcblong,jw02731001001_02101_00001_nrcblong_cal.fits,CAL,F444W,F470N,nrcblong,1,1,0,missing,
jw02731001001_02101_00002_nrcalong,jw02731001001_02101_00002_nrcalong_cal.fits,CAL,F444W,F470N,nrcalong,1,2,0,missing,
jw02731001001_02101_00002_nrcblong,jw02731001001_02101_00002_nrcblong_cal.fits,CAL,F444W,F470N,nrcblong,1,2,0,missing,
jw02731001001_02101_00003_nrcalong,jw02731001001_02101_00003_nrcalong_cal.fits,CAL,F444W,F470N,nrcalong,1,3,0,missing,
jw02731001001_02101_00003_nrcblong,jw02731001001_02101_00003_nrcblong_cal.fits,CAL,F444W,F470N,nrcblong,1,3,0,missing,
jw02731001001_02101_00004_nrcalong,jw02731001001_02101_00004_nrcalong_cal.fits,CAL,F444W,F470N,nrcalong,1,4,0,missing,
jw02731001001_02101_00004_nrcblong,jw02731001001_02101_00004_nrcblong_cal.fits,CAL,F444W,F470N,nrcblong,1,4,0,missing,
jw02731001001_02101_00005_nrcalong,jw02731001001_02101_00005_nrcalong_cal.fits,CAL,F444W,F470N,nrcalong,1,5,0,missing,
jw02731001001_02101_00005_nrcblong,jw02731001001_02101_00005_nrcblong_cal.fits,CAL,F444W,F470N,nrcblong,1,5,0,missing,
jw02731001001_02105_00001_nrcalong,jw02731001001_02105_00001_nrcalong_cal.fits,CAL,F444W,CLEAR,nrcalong,1,1,0,missing,
jw02731001001_02105_00001_nrcblong,jw02731001001_02105_00001_nrcblong_cal.fits,CAL,F444W,CLEAR,nrcblong,1,1,0,missing,
jw02731001001_02105_00002_nrcalong,jw02731001001_02105_00002_nrcalong_cal.fits,CAL,F444W,CLEAR,nrcalong,1,2,0,missing,
jw02731001001_02105_00002_nrcblong,jw02731001001_02105_00002_nrcblong_cal.fits,CAL,F444W,CLEAR,nrcblong,1,2,0,missing,
jw02731001001_02105_00003_nrcalong,jw02731001001_02105_00003_nrcalong_cal.fits,CAL,F444W,CLEAR,nrcalong,1,3,0,missing,
jw02731001001_02105_00003_nrcblong,jw02731001001_02105_00003_nrcblong_cal.fits,CAL,F444W,CLEAR,nrcblong,1,3,0,missing,
jw02731001001_02105_00004_nrcalong,jw02731001001_02105_00004_nrcalong_cal.fits,CAL,F444W,CLEAR,nrcalong,1,4,0,missing,
jw02731001001_02105_00004_nrcblong,jw02731001001_02105_00004_nrcblong_cal.fits,CAL,F444W,CLEAR,nrcblong,1,4,0,missing,
jw02731001001_02105_00005_nrcalong,jw02731001001_02105_00005_nrcalong_cal.fits,CAL,F444W,CLEAR,nrcalong,1,5,0,missing,
jw02731001001_02105_00005_nrcblong,jw02731001001_02105_00005_nrcblong_cal.fits,CAL,F444W,CLEAR,nrcblong,1,5,0,missing,
jw02731001002_02101_00001_nrcalong,jw02731001002_02101_00001_nrcalong_cal.fits,CAL,F444W,F470N,nrcalong,2,1,0,missing,
jw02731001002_02101_00001_nrcblong,jw02731001002_02101_00001_nrcblong_cal.fits,CAL,F444W,F470N,nrcblong,2,1,0,missing,
jw02731001002_02101_00002_nrcalong,jw02731001002_02101_00002_nrcalong_cal.fits,CAL,F444W,F470N,nrcalong,2,2,0,missing,
jw02731001002_02101_00002_nrcblong,jw02731001002_02101_00002_nrcblong_cal.fits,CAL,F444W,F470N,nrcblong,2,2,0,missing,
jw02731001002_02101_00003_nrcalong,jw02731001002_02101_00003_nrcalong_cal.fits,CAL,F444W,F470N,nrcalong,2,3,0,missing,
jw02731001002_02101_00003_nrcblong,jw02731001002_02101_00003_nrcblong_cal.fits,CAL,F444W,F470N,nrcblong,2,3,0,missing,
jw02731001002_02101_00004_nrcalong,jw02731001002_02101_00004_nrcalong_cal.fits,CAL,F444W,F470N,nrcalong,2,4,0,missing,
jw02731001002_02101_00004_nrcblong,jw02731001002_02101_00004_nrcblong_cal.fits,CAL,F444W,F470N,nrcblong,2,4,0,missing,
jw02731001002_02101_00005_nrcalong,jw02731001002_02101_00005_nrcalong_cal.fits,CAL,F444W,F470N,nrcalong,2,5,0,missing,
jw02731001002_02101_00005_nrcblong,jw02731001002_02101_00005_nrcblong_cal.fits,CAL,F444W,F470N,nrcblong,2,5,0,missing,
jw02731001002_02105_00001_nrcalong,jw02731001002_02105_00001_nrcalong_cal.fits,CAL,F444W,CLEAR,nrcalong,2,1,0,missing,
jw02731001002_02105_00001_nrcblong,jw02731001002_02105_00001_nrcblong_cal.fits,CAL,F444W,CLEAR,nrcblong,2,1,0,missing,
jw02731001002_02105_00002_nrcalong,jw02731001002_02105_00002_nrcalong_cal.fits,CAL,F444W,CLEAR,nrcalong,2,2,0,missing,
jw02731001002_02105_00002_nrcblong,jw02731001002_02105_00002_nrcblong_cal.fits,CAL,F444W,CLEAR,nrcblong,2,2,0,missing,
jw02731001002_02105_00003_nrcalong,jw02731001002_02105_00003_nrcalong_cal.fits,CAL,F444W,CLEAR,nrcalong,2,3,0,missing,
jw02731001002_02105_00003_nrcblong,jw02731001002_02105_00003_nrcblong_cal.fits,CAL,F444W,CLEAR,nrcblong,2,3,0,missing,
jw02731001002_02105_00004_nrcalong,jw02731001002_02105_00004_nrcalong_cal.fits,CAL,F444W,CLEAR,nrcalong,2,4,0,missing,
jw02731001002_02105_00004_nrcblong,jw02731001002_02105_00004_nrcblong_cal.fits,CAL,F444W,CLEAR,nrcblong,2,4,0,missing,
jw02731001002_02105_00005_nrcalong,jw02731001002_02105_00005_nrcalong_cal.fits,CAL,F444W,CLEAR,nrcalong,2,5,0,missing,
jw02731001002_02105_00005_nrcblong,jw02731001002_02105_00005_nrcblong_cal.fits,CAL,F444W,CLEAR,nrcblong,2,5,0,missing,
jw02731001003_02101_00001_nrcalong,jw02731001003_02101_00001_nrcalong_cal.fits,CAL,F444W,F470N,nrcalong,3,1,0,missing,
jw02731001003_02101_00001_nrcblong,jw02731001003_02101_00001_nrcblong_cal.fits,CAL,F444W,F470N,nrcblong,3,1,0,missing,
jw02731001003_02101_00002_nrcalong,jw02731001003_02101_00002_nrcalong_cal.fits,CAL,F444W,F470N,nrcalong,3,2,0,missing,
jw02731001003_02101_00002_nrcblong,jw02731001003_02101_00002_nrcblong_cal.fits,CAL,F444W,F470N,nrcblong,3,2,0,missing,
jw02731001003_02101_00003_nrcalong,jw02731001003_02101_00003_nrcalong_cal.fits,CAL,F444W,F470N,nrcalong,3,3,0,missing,
jw02731001003_02101_00003_nrcblong,jw02731001003_02101_00003_nrcblong_cal.fits,CAL,F444W,F470N,nrcblong,3,3,0,missing,
jw02731001003_02101_00004_nrcalong,jw02731001003_02101_00004_nrcalong_cal.fits,CAL,F444W,F470N,nrcalong,3,4,0,missing,
jw02731001003_02101_00004_nrcblong,jw02731001003_02101_00004_nrcblong_cal.fits,CAL,F444W,F470N,nrcblong,3,4,0,missing,
jw02731001003_02101_00005_nrcalong,jw02731001003_02101_00005_nrcalong_cal.fits,CAL,F444W,F470N,nrcalong,3,5,0,missing,
jw02731001003_02101_00005_nrcblong,jw02731001003_02101_00005_nrcblong_cal.fits,CAL,F444W,F470N,nrcblong,3,5,0,missing,
jw02731001003_02105_00001_nrcalong,jw02731001003_02105_00001_nrcalong_cal.fits,CAL,F444W,CLEAR,nrcalong,3,1,0,missing,
jw02731001003_02105_00001_nrcblong,jw02731001003_02105_00001_nrcblong_cal.fits,CAL,F444W,CLEAR,nrcblong,3,1,0,missing,
jw02731001003_02105_00002_nrcalong,jw02731001003_02105_00002_nrcalong_cal.fits,CAL,F444W,CLEAR,nrcalong,3,2,0,missing,
jw02731001003_02105_00002_nrcblong,jw02731001003_02105_00002_nrcblong_cal.fits,CAL,F444W,CLEAR,nrcblong,3,2,0,missing,
jw02731001003_02105_00003_nrcalong,jw02731001003_02105_00003_nrcalong_cal.fits,CAL,F444W,CLEAR,nrcalong,3,3,0,missing,
jw02731001003_02105_00003_nrcblong,jw02731001003_02105_00003_nrcblong_cal.fits,CAL,F444W,CLEAR,nrcblong,3,3,0,missing,
jw02731001003_02105_00004_nrcalong,jw02731001003_02105_00004_nrcalong_cal.fits,CAL,F444W,CLEAR,nrcalong,3,4,0,missing,
jw02731001003_02105_00004_nrcblong,jw02731001003_02105_00004_nrcblong_cal.fits,CAL,F444W,CLEAR,nrcblong,3,4,0,missing,
jw02731001003_02105_00005_nrcalong,jw02731001003_02105_00005_nrcalong_cal.fits,CAL,F444W,CLEAR,nrcalong,3,5,0,missing,
jw02731001003_02105_00005_nrcblong,jw02731001003_02105_00005_nrcblong_cal.fits,CAL,F444W,CLEAR,nrcblong,3,5,0,missing,
jw02731001004_02101_00001_nrcalong,jw02731001004_02101_00001_nrcalong_cal.fits,CAL,F444W,F470N,nrcalong,4,1,0,missing,
jw02731001004_02101_00001_nrcblong,jw02731001004_02101_00001_nrcblong_cal.fits,CAL,F444W,F470N,nrcblong,4,1,0,missing,
jw02731001004_02101_00002_nrcalong,jw02731001004_02101_00002_nrcalong_cal.fits,CAL,F444W,F470N,nrcalong,4,2,0,missing,
jw02731001004_02101_00002_nrcblong,jw02731001004_02101_00002_nrcblong_cal.fits,CAL,F444W,F470N,nrcblong,4,2,0,missing,
jw02731001004_02101_00003_nrcalong,jw02731001004_02101_00003_nrcalong_cal.fits,CAL,F444W,F470N,nrcalong,4,3,0,missing,
jw02731001004_02101_00003_nrcblong,jw02731001004_02101_00003_nrcblong_cal.fits,CAL,F444W,F470N,nrcblong,4,3,0,missing,
jw02731001004_02101_00004_nrcalong,jw02731001004_02101_00004_nrcalong_cal.fits,CAL,F444W,F470N,nrcalong,4,4,0,missing,
jw02731001004_02101_00004_nrcblong,jw02731001004_02101_00004_nrcblong_cal.fits,CAL,F444W,F470N,nrcblong,4,4,0,missing,
jw02731001004_02101_00005_nrcalong,jw02731001004_02101_00005_nrcalong_cal.fits,CAL,F444W,F470N,nrcalong,4,5,0,missing,
jw02731001004_02101_00005_nrcblong,jw02731001004_02101_00005_nrcblong_cal.fits,CAL,F444W,F470N,nrcblong,4,5,0,missing,
jw02731001004_02105_00001_nrcalong,jw02731001004_02105_00001_nrcalong_cal.fits,CAL,F444W,CLEAR,nrcalong,4,1,0,missing,
jw02731001004_02105_00001_nrcblong,jw02731001004_02105_00001_nrcblong_cal.fits,CAL,F444W,CLEAR,nrcblong,4,1,0,missing,
jw02731001004_02105_00002_nrcalong,jw02731001004_02105_00002_nrcalong_cal.fits,CAL,F444W,CLEAR,nrcalong,4,2,0,missing,
jw02731001004_02105_00002_nrcblong,jw02731001004_02105_00002_nrcblong_cal.fits,CAL,F444W,CLEAR,nrcblong,4,2,0,missing,
jw02731001004_02105_00003_nrcalong,jw02731001004_02105_00003_nrcalong_cal.fits,CAL,F444W,CLEAR,nrcalong,4,3,0,missing,
jw02731001004_02105_00003_nrcblong,jw02731001004_02105_00003_nrcblong_cal.fits,CAL,F444W,CLEAR,nrcblong,4,3,0,missing,
jw02731001004_02105_00004_nrcalong,jw02731001004_02105_00004_nrcalong_cal.fits,CAL,F444W,CLEAR,nrcalong,4,4,0,missing,
jw02731001004_02105_00004_nrcblong,jw02731001004_02105_00004_nrcblong_cal.fits,CAL,F444W,CLEAR,nrcblong,4,4,0,missing,
jw02731001004_02105_00005_nrcalong,jw02731001004_02105_00005_nrcalong_cal.fits,CAL,F444W,CLEAR,nrcalong,4,5,0,missing,
jw02731001004_02105_00005_nrcblong,jw02731001004_02105_00005_nrcblong_cal.fits,CAL,F444W,CLEAR,nrcblong,4,5,0,missing,
